{
    "Lattice": "VEPP4M_full1_3_quads_errors.txt",
    "Elements": "quads.txt",
    "Optimizer": "GaussNewton",
    "Gradient step": 0.001,
    "Corrector step": 1e-05,
    "Weigths_or_lambdas": null,
    "Matrix form": "Uncoupled",
    "Execution time": "0:04:02.931496",
    "Results": {
        "Initial residual": 18.47885893115592,
        "Initial parameters": [
            0.23857,
            -0.27657,
            0.36024,
            -0.31948,
            0.93011966,
            -0.8932828,
            0.99208665,
            -0.8760174,
            -0.27743,
            0.1809,
            -0.24116,
            0.34942,
            -0.69308,
            -0.69308,
            0.34942,
            -0.24116,
            0.1809,
            -0.27743,
            -0.8760174,
            0.99208665,
            -0.8932828,
            0.93011966,
            -0.31948,
            0.36024,
            -0.27657,
            0.23857
        ],
        "Bad parameters": [
            0.24157,
            -0.27657,
            0.36024,
            -0.31948,
            0.94011966,
            -0.8832828,
            0.99208665,
            -0.8760174,
            -0.27743,
            0.1809,
            -0.24116,
            0.34942,
            -0.69308,
            -0.69308,
            0.34942,
            -0.24116,
            0.1809,
            -0.27743,
            -0.8760174,
            0.99208665,
            -0.8932828,
            0.93011966,
            -0.31948,
            0.36024,
            -0.27657,
            0.23857
        ],
        "Final residual": {
            "Iteration": {
                "1": {
                    "Residual": 0.003612785249386414
                },
                "2": {
                    "Residual": 4.485292804990316e-08
                },
                "3": {
                    "Residual": 3.140268744689264e-11
                },
                "4": {
                    "Residual": 1.7778478812783835e-14
                },
                "5": {
                    "Residual": 2.3437311740023826e-16
                },
                "6": {
                    "Residual": 5.2389589385367733e-17
                }
            }
        },
        "Final parameters": {
            "Iteration": {
                "1": {
                    "Parameters": [
                        0.2414794348733025,
                        -0.27655500844875947,
                        0.36022475724364184,
                        -0.3194720659007422,
                        0.9400760563757986,
                        -0.8834872607868292,
                        0.9922813023379758,
                        -0.8760643048011052,
                        -0.27742634174953096,
                        0.18089628885572698,
                        -0.24116220441435474,
                        0.3494205069116707,
                        -0.6930773631524539,
                        -0.6930812154230847,
                        0.3494200621962799,
                        -0.24116355997553143,
                        0.18090189215361224,
                        -0.27742669561843286,
                        -0.8760374608634343,
                        0.9921162126465671,
                        -0.8932770467096274,
                        0.9301115397400168,
                        -0.3194730171691492,
                        0.3602345289940332,
                        -0.2766186013394356,
                        0.23866940457812827
                    ]
                },
                "2": {
                    "Parameters": [
                        0.24156985128872105,
                        -0.27656993120422624,
                        0.3602399568397925,
                        -0.319480020589514,
                        0.940119616690505,
                        -0.8832827371683485,
                        0.9920868071697568,
                        -0.8760174241179145,
                        -0.2774300056479909,
                        0.18089998789728812,
                        -0.2411599863228881,
                        0.34942001635642084,
                        -0.6930800641942328,
                        -0.6930799734601666,
                        0.3494199953437657,
                        -0.24115997977489684,
                        0.18090000330598158,
                        -0.2774300066286222,
                        -0.8760174067284822,
                        0.9920866974173665,
                        -0.8932828041720471,
                        0.9301196432420152,
                        -0.31948001766851647,
                        0.36023998736623253,
                        -0.276569956882368,
                        0.23857017197335262
                    ]
                },
                "3": {
                    "Parameters": [
                        0.24156999970177317,
                        -0.2765700000429906,
                        0.3602399998098545,
                        -0.3194799997478878,
                        0.9401196599893967,
                        -0.8832827999867454,
                        0.9920866498464,
                        -0.8760173999616621,
                        -0.2774299999993004,
                        0.1808999999784824,
                        -0.2411600000714128,
                        0.3494200000720428,
                        -0.6930799986157997,
                        -0.6930800006008171,
                        0.349420000028012,
                        -0.24116000012486355,
                        0.180900000027716,
                        -0.2774299999985532,
                        -0.8760173999065032,
                        0.9920866496766391,
                        -0.8932827999101938,
                        0.9301196600200244,
                        -0.31947999980970415,
                        0.36023999995219375,
                        -0.27657000061933906,
                        0.23857000064760353
                    ]
                },
                "4": {
                    "Parameters": [
                        0.24156999999017306,
                        -0.2765699999958266,
                        0.3602399999998242,
                        -0.31947999999943527,
                        0.9401196599890177,
                        -0.8832827999975228,
                        0.9920866500024473,
                        -0.8760174000125975,
                        -0.2774299999977078,
                        0.1809000000020925,
                        -0.24115999999606874,
                        0.3494200000067712,
                        -0.6930800000390348,
                        -0.6930799999808396,
                        0.3494199999965646,
                        -0.24116000000132065,
                        0.18089999999997172,
                        -0.27742999999317186,
                        -0.8760174000128494,
                        0.9920866499904224,
                        -0.8932828000104494,
                        0.9301196600162215,
                        -0.31947999999591525,
                        0.36023999999621403,
                        -0.2765700000020088,
                        0.23857000000959097
                    ]
                },