{
    "Lattice": "VEPP4M_full1_combined_magnets_errors.txt",
    "Elements": "quads.txt",
    "Optimizer": "GaussNewton",
    "Gradient step": 0.001,
    "Corrector step": 1e-05,
    "Weigths_or_lambdas": null,
    "Matrix form": "Uncoupled",
    "Execution time": "0:04:02.641552",
    "Results": {
        "Initial residual": 440.8631753317275,
        "Initial parameters": [
            0.23857,
            -0.27657,
            0.36024,
            -0.31948,
            0.93011966,
            -0.8932828,
            0.99208665,
            -0.8760174,
            -0.27743,
            0.1809,
            -0.24116,
            0.34942,
            -0.69308,
            -0.69308,
            0.34942,
            -0.24116,
            0.1809,
            -0.27743,
            -0.8760174,
            0.99208665,
            -0.8932828,
            0.93011966,
            -0.31948,
            0.36024,
            -0.27657,
            0.23857
        ],
        "Bad parameters": [
            0.23857,
            -0.27657,
            0.36024,
            -0.31948,
            0.93011966,
            -0.8932828,
            0.99208665,
            -0.8760174,
            -0.27743,
            0.1809,
            -0.24116,
            0.34942,
            -0.69308,
            -0.69308,
            0.34942,
            -0.24116,
            0.1809,
            -0.27743,
            -0.8760174,
            0.99208665,
            -0.8932828,
            0.93011966,
            -0.31948,
            0.36024,
            -0.27657,
            0.23857
        ],
        "Final residual": {
            "Iteration": {
                "1": {
                    "Residual": 114.89557939772973
                },
                "2": {
                    "Residual": 96.85481000891369
                },
                "3": {
                    "Residual": 96.83616386846577
                },
                "4": {
                    "Residual": 96.83611490893698
                },
                "5": {
                    "Residual": 96.83611169585365
                },
                "6": {
                    "Residual": 96.8361119884741
                }
            }
        },
        "Final parameters": {
            "Iteration": {
                "1": {
                    "Parameters": [
                        0.24185503220441273,
                        -0.2791450006019152,
                        0.3656570942872065,
                        -0.3228810784831928,
                        0.9494238100487082,
                        -0.9600399540413725,
                        1.0738329187499231,
                        -0.8690929905068981,
                        -0.28293017115134506,
                        0.17822034346075608,
                        -0.23949171070261902,
                        0.3498456264509063,
                        -0.6938829045062757,
                        -0.6938829016314566,
                        0.3498456257206421,
                        -0.23949171136058656,
                        0.17822034276535478,
                        -0.28293017136199805,
                        -0.8690929892871732,
                        1.0738329104934585,
                        -0.9600399465199684,
                        0.9494238062906522,
                        -0.32288107981410064,
                        0.36565709594745627,
                        -0.27914499752672384,
                        0.24185502513805646
                    ]
                },
                "2": {
                    "Parameters": [
                        0.24154444003442446,
                        -0.2790250885389215,
                        0.36567085897698814,
                        -0.32236391296371647,
                        0.949576014684533,
                        -0.9527789018657677,
                        1.0648355803538057,
                        -0.8684829690207543,
                        -0.28355086535342794,
                        0.17909335340249874,
                        -0.23942222766461982,
                        0.34979517016980766,
                        -0.6938501641864765,
                        -0.6938501635015859,
                        0.34979517006823846,
                        -0.23942222778623518,
                        0.1790933537368283,
                        -0.2835508650844553,
                        -0.8684829706359596,
                        1.0648355746378493,
                        -0.9527788987371382,
                        0.9495760139923498,
                        -0.32236391301369505,
                        0.36567085943925065,
                        -0.2790250885008443,
                        0.24154443968094277
                    ]
                },
                "3": {
                    "Parameters": [
                        0.24148746275024757,
                        -0.2789688556892245,
                        0.36573514550455505,
                        -0.3224480655211621,
                        0.9492727987205593,
                        -0.9528156204692907,
                        1.0650342051400707,
                        -0.8680108761171245,
                        -0.2835575968445656,
                        0.17906310617381796,
                        -0.23940284984944113,
                        0.34979596911218147,
                        -0.6938514769693966,
                        -0.6938514772439605,
                        0.3497959690180443,
                        -0.23940284979863108,
                        0.1790631052654226,
                        -0.2835575966676551,
                        -0.8680108793618853,
                        1.0650342163049225,
                        -0.9528156244363476,
                        0.9492728010415052,
                        -0.32244806495837525,
                        0.36573514423904213,
                        -0.2789688559692517,
                        0.2414874637120544
                    ]
                },
                "4": {
                    "Parameters": [
                        0.24149269754388153,
                        -0.278975611713471,
                        0.36572878461383157,
                        -0.32244031984532695,
                        0.9492928978645169,
                        -0.9527849967312916,
                        1.0650135245735914,
                        -0.8680479029459116,
                        -0.2835570208819388,
                        0.17906489422781557,
                        -0.23940289128724276,
                        0.34979564728309565,
                        -0.6938517540771413,
                        -0.6938517540845198,
                        0.3497956473881591,
                        -0.23940289127930492,
                        0.1790648951167143,
                        -0.2835570208289375,
                        -0.8680479005774555,
                        1.06501351151962,
                        -0.9527849922399342,
                        0.9492928966128893,
                        -0.32244032041451537,
                        0.365728785865724,
                        -0.2789756111555171,
                        0.24149269598403336
                    ]
                },