{
    "Lattice": "VEPP4M_full1_3_quads_errors.txt",
    "Elements": "quads.txt",
    "Optimizer": "GaussNewton",
    "Gradient step": 0.001,
    "Corrector step": 0.0001,
    "Weigths_or_lambdas": null,
    "Matrix form": "Coupled",
    "Execution time": "0:03:59.275335",
    "Results": {
        "Initial residual": 6172.839212225961,
        "Initial parameters": [
            0.23857,
            -0.27657,
            0.36024,
            -0.31948,
            0.93011966,
            -0.8932828,
            0.99208665,
            -0.8760174,
            -0.27743,
            0.1809,
            -0.24116,
            0.34942,
            -0.69308,
            -0.69308,
            0.34942,
            -0.24116,
            0.1809,
            -0.27743,
            -0.8760174,
            0.99208665,
            -0.8932828,
            0.93011966,
            -0.31948,
            0.36024,
            -0.27657,
            0.23857
        ],
        "Bad parameters": [
            0.24157,
            -0.27657,
            0.36024,
            -0.31948,
            0.94011966,
            -0.8832828,
            0.99208665,
            -0.8760174,
            -0.27743,
            0.1809,
            -0.24116,
            0.34942,
            -0.69308,
            -0.69308,
            0.34942,
            -0.24116,
            0.1809,
            -0.27743,
            -0.8760174,
            0.99208665,
            -0.8932828,
            0.93011966,
            -0.31948,
            0.36024,
            -0.27657,
            0.23857
        ],
        "Final residual": {
            "Iteration": {
                "1": {
                    "Residual": 10408.751605789656
                },
                "2": {
                    "Residual": 19744.106519629226
                },
                "3": {
                    "Residual": 3644.0152219728297
                },
                "4": {
                    "Residual": 12370.595314810918
                },
                "5": {
                    "Residual": 2383.8335353676866
                }
            }
        },
        "Final parameters": {
            "Iteration": {
                "1": {
                    "Parameters": [
                        0.24134625847613145,
                        -0.27597414714513,
                        0.362735498496715,
                        -0.3200714880119613,
                        0.9336414371571737,
                        -0.8932820506272081,
                        0.992103594172328,
                        -0.8833903345468259,
                        -0.27691469711694794,
                        0.18089812903230684,
                        -0.24049357933345625,
                        0.34932815179726456,
                        -0.6930872835054569,
                        -0.693079250627329,
                        0.34962536293781776,
                        -0.24115925062732174,
                        0.18121151870725194,
                        -0.27762018168678826,
                        -0.8760112847650451,
                        0.9920885946939958,
                        -0.896001075459454,
                        0.9311061454954249,
                        -0.31947179265677844,
                        0.3611421158285936,
                        -0.27688232814716723,
                        0.2378423371432917
                    ]
                },
                "2": {
                    "Parameters": [
                        0.24036285591495585,
                        -0.27599069363264184,
                        0.36154079821568447,
                        -0.32087413352910993,
                        0.939447226389713,
                        -0.8932826418481707,
                        0.9946837022659009,
                        -0.8771131552520672,
                        -0.2769110716208761,
                        0.18091016626063858,
                        -0.24056480169986763,
                        0.34933069350433965,
                        -0.6927526172967612,
                        -0.6931105521294025,
                        0.34929039437806914,
                        -0.24095708322864487,
                        0.18129763391357312,
                        -0.277290688543723,
                        -0.8760087115474494,
                        0.987258902545033,
                        -0.89600166668054,
                        0.9322755277133369,
                        -0.31978898384703464,
                        0.3611424693354581,
                        -0.27709809312944966,
                        0.23884271105762878
                    ]
                },
                "3": {
                    "Parameters": [
                        0.2403859355107317,
                        -0.27599041229587123,
                        0.3610662455842026,
                        -0.3199023609631317,
                        0.9392365381176087,
                        -0.8927786287433137,
                        0.994434528016202,
                        -0.8726449234982666,
                        -0.2775698553500517,
                        0.1804063934714127,
                        -0.24093545641530464,
                        0.3494514778924179,
                        -0.6929766216148668,
                        -0.6931358058417063,
                        0.3495746990058632,
                        -0.24096034129608887,
                        0.18229411349932703,
                        -0.27757258563672715,
                        -0.8760116907018753,
                        0.9790618623538228,
                        -0.891331251643444,
                        0.932282257605116,
                        -0.3194487214834464,
                        0.3611469678038204,
                        -0.2765671242254568,
                        0.2381232441316045
                    ]
                },
                "4": {
                    "Parameters": [
                        0.24156466374751917,
                        -0.27495874171027346,
                        0.357627476508199,
                        -0.3136308094319418,
                        0.9497201051295923,
                        -0.8957817141323645,
                        0.9887002453952509,
                        -0.8760557942860097,
                        -0.27841012315506186,
                        0.18037619658108478,
                        -0.24019049166696796,
                        0.34911672726349663,
                        -0.6929698301629099,
                        -0.6931746046028252,
                        0.34943672097065037,
                        -0.2409768271253656,
                        0.1808309877799938,
                        -0.27757026760803183,
                        -0.917899900176418,
                        0.9791125566133534,
                        -0.86760323634426,
                        0.9271634729690117,
                        -0.3194247320908815,
                        0.3613813360027049,
                        -0.27316353315493186,
                        0.23491847983547787
                    ]
                },