{
    "Lattice": "VEPP4M_full1_combined_magnets_errors.txt",
    "Elements": "quads.txt",
    "Optimizer": "GaussNewton",
    "Gradient step": 0.0001,
    "Corrector step": 1e-06,
    "Weigths_or_lambdas": null,
    "Matrix form": "Uncoupled",
    "Execution time": "0:04:04.415446",
    "Results": {
        "Initial residual": 440.8743869595112,
        "Initial parameters": [
            0.23857,
            -0.27657,
            0.36024,
            -0.31948,
            0.93011966,
            -0.8932828,
            0.99208665,
            -0.8760174,
            -0.27743,
            0.1809,
            -0.24116,
            0.34942,
            -0.69308,
            -0.69308,
            0.34942,
            -0.24116,
            0.1809,
            -0.27743,
            -0.8760174,
            0.99208665,
            -0.8932828,
            0.93011966,
            -0.31948,
            0.36024,
            -0.27657,
            0.23857
        ],
        "Bad parameters": [
            0.23857,
            -0.27657,
            0.36024,
            -0.31948,
            0.93011966,
            -0.8932828,
            0.99208665,
            -0.8760174,
            -0.27743,
            0.1809,
            -0.24116,
            0.34942,
            -0.69308,
            -0.69308,
            0.34942,
            -0.24116,
            0.1809,
            -0.27743,
            -0.8760174,
            0.99208665,
            -0.8932828,
            0.93011966,
            -0.31948,
            0.36024,
            -0.27657,
            0.23857
        ],
        "Final residual": {
            "Iteration": {
                "1": {
                    "Residual": 112.67673174465615
                },
                "2": {
                    "Residual": 96.85954526526146
                },
                "3": {
                    "Residual": 96.83857093259213
                },
                "4": {
                    "Residual": 96.83850221680623
                },
                "5": {
                    "Residual": 96.83850118212067
                },
                "6": {
                    "Residual": 96.8385012137555
                }
            }
        },
        "Final parameters": {
            "Iteration": {
                "1": {
                    "Parameters": [
                        0.24185925813246276,
                        -0.27914170408847594,
                        0.3656694327682464,
                        -0.3228713647247062,
                        0.9493998723180666,
                        -0.9599987725977038,
                        1.0738347444284109,
                        -0.869102871513159,
                        -0.28291948208081563,
                        0.17821099674982338,
                        -0.23950159516026334,
                        0.3498501060899361,
                        -0.693868693557485,
                        -0.6938687780839818,
                        0.34985012400467563,
                        -0.23950157631404823,
                        0.17821100376389928,
                        -0.2829194857112034,
                        -0.8691028901487559,
                        1.07383480538464,
                        -0.9599987702490618,
                        0.9493998317605484,
                        -0.3228713689951204,
                        0.3656694320787668,
                        -0.27914172683961413,
                        0.24185930944646425
                    ]
                },
                "2": {
                    "Parameters": [
                        0.2415424641281567,
                        -0.2790254147092708,
                        0.3656820199058784,
                        -0.3223729531081057,
                        0.9495376476875101,
                        -0.9527639335044128,
                        1.0648615824191205,
                        -0.8684976177997626,
                        -0.2835553958335512,
                        0.1790896010253434,
                        -0.23941995470020036,
                        0.3497941786937441,
                        -0.6938508975229983,
                        -0.6938509003665099,
                        0.3497941798671292,
                        -0.23941995433436453,
                        0.17908960207141658,
                        -0.2835553916950107,
                        -0.8684976525498848,
                        1.0648615742425742,
                        -0.9527639042820415,
                        0.9495376108508782,
                        -0.32237295283727296,
                        0.3656820242043941,
                        -0.2790254256624585,
                        0.24154248562841532
                    ]
                },
                "3": {
                    "Parameters": [
                        0.24148740883040637,
                        -0.27897129368085793,
                        0.36574324137610503,
                        -0.32245003102939424,
                        0.9492363552863242,
                        -0.9528056851962571,
                        1.0650462881481753,
                        -0.868023359360373,
                        -0.28355809141505806,
                        0.1790575063321667,
                        -0.23940340299117938,
                        0.3497962701225802,
                        -0.6938513511549365,
                        -0.693851352375111,
                        0.3497962706053037,
                        -0.23940340296276327,
                        0.17905750970820536,
                        -0.2835580897422869,
                        -0.8680233496027869,
                        1.0650462215370993,
                        -0.9528056626011074,
                        0.9492363519765054,
                        -0.3224500341042632,
                        0.3657432470947484,
                        -0.2789712873435955,
                        0.2414873935509169
                    ]
                },
                "4": {
                    "Parameters": [
                        0.2414925134970164,
                        -0.27897731049885965,
                        0.36573696225833435,
                        -0.32244319451777237,
                        0.9492576531456223,
                        -0.9527769241583991,
                        1.065028234911125,
                        -0.8680593959055195,
                        -0.28355792594153467,
                        0.17905921986134116,
                        -0.23940302269479585,
                        0.34979590363578006,
                        -0.693851720839282,
                        -0.693851718902026,
                        0.34979590447915165,
                        -0.2394030229135946,
                        0.1790592280761361,
                        -0.2835579286598604,
                        -0.868059353101844,
                        1.0650281359042695,
                        -0.9527769028336315,
                        0.9492576582791978,
                        -0.32244319912539815,
                        0.3657369707150462,
                        -0.2789773056062917,
                        0.24149250060066776
                    ]
                },