{
    "Lattice": "VEPP4M_full1_combined_magnets_errors.txt",
    "Elements": "quads.txt",
    "Optimizer": "GaussNewton",
    "Gradient step": 0.001,
    "Corrector step": 0.0001,
    "Weigths_or_lambdas": null,
    "Matrix form": "Coupled",
    "Execution time": "0:03:59.930922",
    "Results": {
        "Initial residual": 24480.877956749293,
        "Initial parameters": [
            0.23857,
            -0.27657,
            0.36024,
            -0.31948,
            0.93011966,
            -0.8932828,
            0.99208665,
            -0.8760174,
            -0.27743,
            0.1809,
            -0.24116,
            0.34942,
            -0.69308,
            -0.69308,
            0.34942,
            -0.24116,
            0.1809,
            -0.27743,
            -0.8760174,
            0.99208665,
            -0.8932828,
            0.93011966,
            -0.31948,
            0.36024,
            -0.27657,
            0.23857
        ],
        "Bad parameters": [
            0.23857,
            -0.27657,
            0.36024,
            -0.31948,
            0.93011966,
            -0.8932828,
            0.99208665,
            -0.8760174,
            -0.27743,
            0.1809,
            -0.24116,
            0.34942,
            -0.69308,
            -0.69308,
            0.34942,
            -0.24116,
            0.1809,
            -0.27743,
            -0.8760174,
            0.99208665,
            -0.8932828,
            0.93011966,
            -0.31948,
            0.36024,
            -0.27657,
            0.23857
        ],
        "Final residual": {
            "Iteration": {
                "1": {
                    "Residual": 24170.607341361854
                },
                "2": {
                    "Residual": 28217.156777534718
                },
                "3": {
                    "Residual": 9026.906077300424
                },
                "4": {
                    "Residual": 17494.433244926666
                },
                "5": {
                    "Residual": 12064.553016994716
                }
            }
        },
        "Final parameters": {
            "Iteration": {
                "1": {
                    "Parameters": [
                        0.23832565417529278,
                        -0.2765162892251751,
                        0.3600050406131663,
                        -0.31945433856309885,
                        0.9329085077722172,
                        -0.8968665425732074,
                        0.9908522810995949,
                        -0.8760600179280004,
                        -0.276192820623104,
                        0.1820726920642051,
                        -0.24112652817632504,
                        0.3504611411333154,
                        -0.6931100992374243,
                        -0.6931002744919641,
                        0.34942169855156785,
                        -0.2412139723301542,
                        0.1808989157860265,
                        -0.2770709275074515,
                        -0.8760154888005,
                        0.9956670595287442,
                        -0.8931597164791796,
                        0.9303546236090386,
                        -0.3193417362132897,
                        0.360241673023624,
                        -0.2766923329785051,
                        0.23856515233888756
                    ]
                },
                "2": {
                    "Parameters": [
                        0.23832321004110946,
                        -0.2763649420723329,
                        0.3780145053738665,
                        -0.34533531640397297,
                        0.9329085240291458,
                        -0.8968853183803027,
                        0.9908534885174002,
                        -0.8765945436849752,
                        -0.27565800512600475,
                        0.1820730726344155,
                        -0.2411250341730672,
                        0.35045809167232556,
                        -0.6935013798902083,
                        -0.6926898133458118,
                        0.34940292274820683,
                        -0.24133194043443212,
                        0.1812597534687005,
                        -0.2766106939666782,
                        -0.8782449439624354,
                        0.997355779813462,
                        -0.8903584086984951,
                        0.9301756730340411,
                        -0.31934194888523454,
                        0.3691503685568886,
                        -0.2766929016510532,
                        0.23841293607334146
                    ]
                },
                "3": {
                    "Parameters": [
                        0.2398255129435149,
                        -0.27646883832935026,
                        0.37499943015735265,
                        -0.3438207151745548,
                        0.9329367237894332,
                        -0.8963955785912465,
                        1.0234585121507451,
                        -0.8770176030853225,
                        -0.2756600769454683,
                        0.18221815710383144,
                        -0.24112620407265942,
                        0.3504419626933169,
                        -0.6934955929971458,
                        -0.6927069604846383,
                        0.34942349348332213,
                        -0.24130039177405158,
                        0.18126029080734452,
                        -0.276610579060374,
                        -0.8782745793015704,
                        0.9972114522899168,
                        -0.8903880440376304,
                        0.9299869064653284,
                        -0.31915227810779717,
                        0.36913460634949297,
                        -0.27669136604196987,
                        0.20686537945084976
                    ]
                },
                "4": {
                    "Parameters": [
                        0.23968419768613244,
                        -0.27643651876398145,
                        0.37497432642387385,
                        -0.3439574763913963,
                        0.9331897042984454,
                        -0.8964574073061125,
                        1.0228178063147098,
                        -0.876783347675351,
                        -0.2755184113179326,
                        0.1823558695750519,
                        -0.2411260662745634,
                        0.3504200853962666,
                        -0.6933799511517613,
                        -0.6928194062186275,
                        0.34944275148862514,
                        -0.24135624868606237,
                        0.18126242223862343,
                        -0.2762997550704235,
                        -0.8782737084853729,
                        0.9972670738580275,
                        -0.8903887426095651,
                        0.9301204996470059,
                        -0.31911461682500925,
                        0.3689815509708464,
                        -0.2766894910281143,
                        0.20693098551738554
                    ]
                },