{
    "Lattice": "VEPP4M_full1_3_quads_errors.txt",
    "Elements": "quads.txt",
    "Optimizer": "GaussNewton",
    "Gradient step": 0.001,
    "Corrector step": 1e-05,
    "Weigths_or_lambdas": null,
    "Matrix form": "Coupled",
    "Execution time": "0:04:02.119802",
    "Results": {
        "Initial residual": 18.478865318177043,
        "Initial parameters": [
            0.23857,
            -0.27657,
            0.36024,
            -0.31948,
            0.93011966,
            -0.8932828,
            0.99208665,
            -0.8760174,
            -0.27743,
            0.1809,
            -0.24116,
            0.34942,
            -0.69308,
            -0.69308,
            0.34942,
            -0.24116,
            0.1809,
            -0.27743,
            -0.8760174,
            0.99208665,
            -0.8932828,
            0.93011966,
            -0.31948,
            0.36024,
            -0.27657,
            0.23857
        ],
        "Bad parameters": [
            0.24157,
            -0.27657,
            0.36024,
            -0.31948,
            0.94011966,
            -0.8832828,
            0.99208665,
            -0.8760174,
            -0.27743,
            0.1809,
            -0.24116,
            0.34942,
            -0.69308,
            -0.69308,
            0.34942,
            -0.24116,
            0.1809,
            -0.27743,
            -0.8760174,
            0.99208665,
            -0.8932828,
            0.93011966,
            -0.31948,
            0.36024,
            -0.27657,
            0.23857
        ],
        "Final residual": {
            "Iteration": {
                "1": {
                    "Residual": 0.003612789805981906
                },
                "2": {
                    "Residual": 4.485298679508062e-08
                },
                "3": {
                    "Residual": 3.141509458326359e-11
                },
                "4": {
                    "Residual": 1.7916789822071727e-14
                },
                "5": {
                    "Residual": 2.3820090455039537e-16
                },
                "6": {
                    "Residual": 5.440706014788803e-17
                }
            }
        },
        "Final parameters": {
            "Iteration": {
                "1": {
                    "Parameters": [
                        0.2414794347722059,
                        -0.27655500841044733,
                        0.36022475727490016,
                        -0.3194720659042681,
                        0.9400760561453498,
                        -0.883487260544103,
                        0.9922813020340473,
                        -0.8760643048441316,
                        -0.27742634174578745,
                        0.1808962889525767,
                        -0.24116220452549295,
                        0.349420506841662,
                        -0.693077362752631,
                        -0.6930812158045925,
                        0.34942006226058314,
                        -0.2411635599362078,
                        0.18090189215486535,
                        -0.27742669561470623,
                        -0.876037460814588,
                        0.9921162125937648,
                        -0.8932770468136613,
                        0.9301115398885422,
                        -0.31947301716970633,
                        0.36023452897471797,
                        -0.27661860133846794,
                        0.23866940460354003
                    ]
                },
                "2": {
                    "Parameters": [
                        0.24156985128140282,
                        -0.2765699312013435,
                        0.36023995683917875,
                        -0.31948002058954744,
                        0.9401196167075345,
                        -0.883282737158764,
                        0.992086807130779,
                        -0.8760174241097445,
                        -0.27743000565328063,
                        0.18089998790245942,
                        -0.2411599863254886,
                        0.34942001635427206,
                        -0.6930800641880415,
                        -0.6930799734648945,
                        0.34941999534514073,
                        -0.24115997977731873,
                        0.1809000033098489,
                        -0.27743000662700235,
                        -0.8760174067264236,
                        0.9920866974138528,
                        -0.8932828041886401,
                        0.9301196432460761,
                        -0.319480017668817,
                        0.36023998736467033,
                        -0.2765699568826126,
                        0.2385701719754266
                    ]
                },
                "3": {
                    "Parameters": [
                        0.24156999971842988,
                        -0.2765700000519201,
                        0.36023999981156324,
                        -0.3194799997480394,
                        0.9401196599903819,
                        -0.883282799982008,
                        0.9920866498358772,
                        -0.876017399955515,
                        -0.2774299999971838,
                        0.18089999997789294,
                        -0.24116000006621513,
                        0.3494200000756766,
                        -0.6930799986350161,
                        -0.6930800005835619,
                        0.3494200000246393,
                        -0.24116000012226402,
                        0.18090000002366172,
                        -0.27743000000030255,
                        -0.8760173998976803,
                        0.9920866496700369,
                        -0.8932827999112442,
                        0.9301196600284882,
                        -0.3194799998143643,
                        0.3602399999554272,
                        -0.276570000606968,
                        0.2385700006288879
                    ]
                },
                "4": {
                    "Parameters": [
                        0.24156999997971687,
                        -0.27656999999338044,
                        0.36024000000057604,
                        -0.3194799999998395,
                        0.9401196600092607,
                        -0.8832828000016693,
                        0.9920866499875457,
                        -0.8760174000098766,
                        -0.2774299999987132,
                        0.18089999999757803,
                        -0.24115999999278376,
                        0.3494200000063226,
                        -0.6930800000423084,
                        -0.6930799999787939,
                        0.3494199999975866,
                        -0.24115999999996957,
                        0.18089999999823345,
                        -0.2774299999920239,
                        -0.8760174000154592,
                        0.9920866500058908,
                        -0.8932828000188219,
                        0.9301196600201896,
                        -0.31947999999330695,
                        0.3602399999945584,
                        -0.2765700000086239,
                        0.2385700000238517
                    ]
                },