{
    "Lattice": "VEPP4M_full1_3_quads_errors.txt",
    "Elements": "quads.txt",
    "Optimizer": "GaussNewton",
    "Gradient step": 0.0001,
    "Corrector step": 0.001,
    "Weigths_or_lambdas": null,
    "Matrix form": "Uncoupled",
    "Execution time": "0:03:25.034007",
    "Results": {
        "Initial residual": 16325.033200143329,
        "Initial parameters": [
            0.23857,
            -0.27657,
            0.36024,
            -0.31948,
            0.93011966,
            -0.8932828,
            0.99208665,
            -0.8760174,
            -0.27743,
            0.1809,
            -0.24116,
            0.34942,
            -0.69308,
            -0.69308,
            0.34942,
            -0.24116,
            0.1809,
            -0.27743,
            -0.8760174,
            0.99208665,
            -0.8932828,
            0.93011966,
            -0.31948,
            0.36024,
            -0.27657,
            0.23857
        ],
        "Bad parameters": [
            0.24157,
            -0.27657,
            0.36024,
            -0.31948,
            0.94011966,
            -0.8832828,
            0.99208665,
            -0.8760174,
            -0.27743,
            0.1809,
            -0.24116,
            0.34942,
            -0.69308,
            -0.69308,
            0.34942,
            -0.24116,
            0.1809,
            -0.27743,
            -0.8760174,
            0.99208665,
            -0.8932828,
            0.93011966,
            -0.31948,
            0.36024,
            -0.27657,
            0.23857
        ],
        "Final residual": {
            "Iteration": {
                "1": {
                    "Residual": 16771.34500243824
                },
                "2": {
                    "Residual": 6123.168158224515
                },
                "3": {
                    "Residual": 17247.89553221631
                },
                "4": {
                    "Residual": 7096.702274296346
                }
            }
        },
        "Final parameters": {
            "Iteration": {
                "1": {
                    "Parameters": [
                        0.2461095605105291,
                        -0.2779049990021478,
                        0.360201843568823,
                        -0.31238004222263716,
                        0.9441061858248887,
                        -0.9208647286659184,
                        1.0160713087035051,
                        -0.9185560125940736,
                        -0.2845274906541606,
                        0.18089422181622636,
                        -0.24116277726972374,
                        0.3494247935165724,
                        -0.692897576526803,
                        -0.692573439254844,
                        0.3494566742561786,
                        -0.2414170289639895,
                        0.1819369753630832,
                        -0.27913742848262174,
                        -0.8765250700244569,
                        1.000787179266911,
                        -0.885184970441178,
                        0.9399889043260894,
                        -0.31947768052061787,
                        0.35857378979801313,
                        -0.27648713565363464,
                        0.2306264332629392
                    ]
                },
                "2": {
                    "Parameters": [
                        0.24611056679868787,
                        -0.277905043362484,
                        0.3592170438670441,
                        -0.3123794836006825,
                        0.915922648553369,
                        -0.892581055140331,
                        1.027682632458875,
                        -0.9185550040993459,
                        -0.28365884088817644,
                        0.18110659133456927,
                        -0.24116269828637113,
                        0.3492896893581599,
                        -0.6930340722992977,
                        -0.7041827752596411,
                        0.3495633992816587,
                        -0.24141728121721148,
                        0.1812273704031369,
                        -0.2814647565809779,
                        -0.8774856650492329,
                        1.0007871693769363,
                        -0.892683206251295,
                        0.9399848731449597,
                        -0.31870534507911036,
                        0.3586954844995682,
                        -0.2740242216098807,
                        0.2306262619507076
                    ]
                },
                "3": {
                    "Parameters": [
                        0.22836919000763942,
                        -0.2762185557626533,
                        0.35921312048055287,
                        -0.31346034094683317,
                        0.913263687695844,
                        -0.8925668306494566,
                        1.0276857420499006,
                        -0.9418808841649546,
                        -0.2836593349853685,
                        0.18753449164699537,
                        -0.24073441804742132,
                        0.34928268897908843,
                        -0.6842799351084463,
                        -0.7014239366529724,
                        0.3491129709107939,
                        -0.2406896878133001,
                        0.18123806592222647,
                        -0.28147711048361956,
                        -0.8774767374838315,
                        1.0088362218645577,
                        -0.8894795210667982,
                        0.9410678871497984,
                        -0.3187044150884534,
                        0.35918922451434926,
                        -0.2801016084818375,
                        0.24839034684327446
                    ]
                },
                "4": {
                    "Parameters": [
                        0.22836887969795475,
                        -0.27625059139527375,
                        0.3615259704430219,
                        -0.3137284461457816,
                        0.9132640858549227,
                        -0.8862823250255575,
                        1.020904775878186,
                        -0.9411634504144701,
                        -0.28201034218026505,
                        0.18521816344253295,
                        -0.24096993273992118,
                        0.3494676501573753,
                        -0.684318305954046,
                        -0.7022392793328368,
                        0.34911225222631903,
                        -0.2408059850022982,
                        0.18035563613059566,
                        -0.28066311676691236,
                        -0.8774781943196487,
                        1.0077336465837967,
                        -0.8894766883867445,
                        0.9410680146321979,
                        -0.31870438692319764,
                        0.36017563938942787,
                        -0.2808188570794797,
                        0.24862514896709922
                    ]
                },