{
    "Lattice": "VEPP4M_full1_combined_magnets_errors.txt",
    "Elements": "quads.txt",
    "Optimizer": "GaussNewton",
    "Gradient step": 0.0001,
    "Corrector step": 1e-05,
    "Weigths_or_lambdas": null,
    "Matrix form": "Uncoupled",
    "Execution time": "0:04:02.660887",
    "Results": {
        "Initial residual": 440.8631753317275,
        "Initial parameters": [
            0.23857,
            -0.27657,
            0.36024,
            -0.31948,
            0.93011966,
            -0.8932828,
            0.99208665,
            -0.8760174,
            -0.27743,
            0.1809,
            -0.24116,
            0.34942,
            -0.69308,
            -0.69308,
            0.34942,
            -0.24116,
            0.1809,
            -0.27743,
            -0.8760174,
            0.99208665,
            -0.8932828,
            0.93011966,
            -0.31948,
            0.36024,
            -0.27657,
            0.23857
        ],
        "Bad parameters": [
            0.23857,
            -0.27657,
            0.36024,
            -0.31948,
            0.93011966,
            -0.8932828,
            0.99208665,
            -0.8760174,
            -0.27743,
            0.1809,
            -0.24116,
            0.34942,
            -0.69308,
            -0.69308,
            0.34942,
            -0.24116,
            0.1809,
            -0.27743,
            -0.8760174,
            0.99208665,
            -0.8932828,
            0.93011966,
            -0.31948,
            0.36024,
            -0.27657,
            0.23857
        ],
        "Final residual": {
            "Iteration": {
                "1": {
                    "Residual": 112.67456345457126
                },
                "2": {
                    "Residual": 96.85710879598693
                },
                "3": {
                    "Residual": 96.83613378005322
                },
                "4": {
                    "Residual": 96.8360651152305
                },
                "5": {
                    "Residual": 96.83606406801516
                },
                "6": {
                    "Residual": 96.83606406567904
                }
            }
        },
        "Final parameters": {
            "Iteration": {
                "1": {
                    "Parameters": [
                        0.24185725948687886,
                        -0.2791406567589546,
                        0.36567029976167625,
                        -0.32287194635914596,
                        0.9494009958465096,
                        -0.9600002775540584,
                        1.0738383488940988,
                        -0.8691035079916896,
                        -0.28291943258257596,
                        0.17821095488049837,
                        -0.23950161088754685,
                        0.3498502866454299,
                        -0.693868754460469,
                        -0.6938688401672491,
                        0.3498502957761605,
                        -0.23950159480345187,
                        0.17821094602808865,
                        -0.2829194335044761,
                        -0.8691034831092732,
                        1.0738383555766815,
                        -0.9600003070358473,
                        0.9494010118833224,
                        -0.3228719478990218,
                        0.36567030119576327,
                        -0.2791406392482892,
                        0.24185723102022982
                    ]
                },
                "2": {
                    "Parameters": [
                        0.241540421742811,
                        -0.27902435487498506,
                        0.3656818597316026,
                        -0.3223730463972655,
                        0.9495380254346311,
                        -0.9527650870592389,
                        1.0648649100362695,
                        -0.8684979861594405,
                        -0.2835554462339789,
                        0.1790900490972901,
                        -0.2394199382168975,
                        0.3497942904654452,
                        -0.6938509501744916,
                        -0.6938509516186494,
                        0.34979429090330455,
                        -0.23941993766356795,
                        0.17909004752898935,
                        -0.28355544313745523,
                        -0.8684980178803738,
                        1.0648649422099667,
                        -0.9527650932459198,
                        0.9495380142582542,
                        -0.32237304422034035,
                        0.36568185673952414,
                        -0.27902435739174586,
                        0.24154042898805092
                    ]
                },
                "3": {
                    "Parameters": [
                        0.24148538891967503,
                        -0.27897024434424866,
                        0.36574313980589984,
                        -0.32245014463378563,
                        0.9492363750086055,
                        -0.9528066174596292,
                        1.0650495353674378,
                        -0.8680240041351361,
                        -0.2835580984344858,
                        0.17905795756076043,
                        -0.23940339507774752,
                        0.3497963787677635,
                        -0.6938514023036295,
                        -0.6938513997591388,
                        0.349796378044764,
                        -0.23940339465446855,
                        0.17905795634625893,
                        -0.2835581035610281,
                        -0.8680239761460649,
                        1.0650495711137427,
                        -0.9528066620203414,
                        0.9492364284124678,
                        -0.3224501421660691,
                        0.36574313111037327,
                        -0.27897024086945704,
                        0.24148538463235025
                    ]
                },
                "4": {
                    "Parameters": [
                        0.24149050371779104,
                        -0.27897626557097815,
                        0.3657368443523314,
                        -0.32244330093312784,
                        0.9492577188368834,
                        -0.9527779103592416,
                        1.0650315663665273,
                        -0.8680600173915292,
                        -0.28355793802592316,
                        0.17905966838387774,
                        -0.23940301454779672,
                        0.3497960121319156,
                        -0.6938517683525868,
                        -0.6938517698602455,
                        0.3497960120070597,
                        -0.23940301372337944,
                        0.1790596683379722,
                        -0.28355793726333317,
                        -0.8680600206254431,
                        1.065031553913986,
                        -0.9527779158259313,
                        0.9492577442076726,
                        -0.322443300284736,
                        0.3657368418061066,
                        -0.2789762579736013,
                        0.24149048777796614
                    ]
                },