{
    "Lattice": "VEPP4M_full1_combined_magnets_errors.txt",
    "Elements": "quads.txt",
    "Optimizer": "GaussNewton",
    "Gradient step": 0.001,
    "Corrector step": 0.0001,
    "Weigths_or_lambdas": null,
    "Matrix form": "Uncoupled",
    "Execution time": "0:04:04.661657",
    "Results": {
        "Initial residual": 6816.150484809922,
        "Initial parameters": [
            0.23857,
            -0.27657,
            0.36024,
            -0.31948,
            0.93011966,
            -0.8932828,
            0.99208665,
            -0.8760174,
            -0.27743,
            0.1809,
            -0.24116,
            0.34942,
            -0.69308,
            -0.69308,
            0.34942,
            -0.24116,
            0.1809,
            -0.27743,
            -0.8760174,
            0.99208665,
            -0.8932828,
            0.93011966,
            -0.31948,
            0.36024,
            -0.27657,
            0.23857
        ],
        "Bad parameters": [
            0.23857,
            -0.27657,
            0.36024,
            -0.31948,
            0.93011966,
            -0.8932828,
            0.99208665,
            -0.8760174,
            -0.27743,
            0.1809,
            -0.24116,
            0.34942,
            -0.69308,
            -0.69308,
            0.34942,
            -0.24116,
            0.1809,
            -0.27743,
            -0.8760174,
            0.99208665,
            -0.8932828,
            0.93011966,
            -0.31948,
            0.36024,
            -0.27657,
            0.23857
        ],
        "Final residual": {
            "Iteration": {
                "1": {
                    "Residual": 1703.9853994534196
                },
                "2": {
                    "Residual": 80522.56703906962
                },
                "3": {
                    "Residual": 7483.238408360575
                },
                "4": {
                    "Residual": 39039.46285754042
                },
                "5": {
                    "Residual": 50440.651707772864
                },
                "6": {
                    "Residual": 1349.0352847308768
                }
            }
        },
        "Final parameters": {
            "Iteration": {
                "1": {
                    "Parameters": [
                        0.23882118482068934,
                        -0.2771470566257966,
                        0.3614768402260048,
                        -0.3194165829605063,
                        0.9271366686324729,
                        -0.9139627008372246,
                        0.9921077643266591,
                        -0.8731740730041889,
                        -0.2774455703138292,
                        0.18136115615122445,
                        -0.24119192629440842,
                        0.3494044296869261,
                        -0.6927029340670828,
                        -0.6943276954899389,
                        0.35041112787617074,
                        -0.24155330908055347,
                        0.18044967306548065,
                        -0.27745886535432834,
                        -0.8553671842418884,
                        0.9892897344969004,
                        -0.9148151456346428,
                        0.9405977826115836,
                        -0.31949557031307435,
                        0.3600465998361164,
                        -0.2761058183118185,
                        0.2380449706650531
                    ]
                },
                "2": {
                    "Parameters": [
                        0.23882452675144575,
                        -0.2772217636416635,
                        0.36147467953615436,
                        -0.319656106040907,
                        0.9219457678459065,
                        -0.8859541967361821,
                        1.0023820530063556,
                        -0.8721489860693799,
                        -0.27849244547216717,
                        0.18334201914459122,
                        -0.2932517171870414,
                        0.3494696031447893,
                        -0.6931914163812058,
                        -0.6941274743785893,
                        0.35040672287127744,
                        -0.24150074980304417,
                        0.1804461413819541,
                        -0.2775673093564229,
                        -0.8596817427745896,
                        1.013292012536993,
                        -0.9148094310964013,
                        0.9405801893962685,
                        -0.31909979750716144,
                        0.3603325888185364,
                        -0.2761073057716714,
                        0.2360632387830778
                    ]
                },
                "3": {
                    "Parameters": [
                        0.2387946270823941,
                        -0.27363256882737486,
                        0.36152393039582104,
                        -0.32510926314626204,
                        0.9210433196413892,
                        -0.8859508499858286,
                        1.059106252431848,
                        -0.8721568097256438,
                        -0.27812268384623157,
                        0.18188955823580616,
                        -0.28289263357307387,
                        0.3495231205416423,
                        -0.6930211937761488,
                        -0.6950220773567941,
                        0.3504989689955901,
                        -0.23958945579422286,
                        0.18028710424043415,
                        -0.27761934699872576,
                        -0.8992865934170176,
                        1.0024941089515906,
                        -0.8788386975804947,
                        0.9421129168314867,
                        -0.31912709560515545,
                        0.3639268202311359,
                        -0.2738991413829056,
                        0.236543294754983
                    ]
                },
                "4": {
                    "Parameters": [
                        0.23886696819091813,
                        -0.2738819567973102,
                        0.36158069532034126,
                        -0.3278471584110696,
                        0.9211191913126929,
                        -0.88878529266356,
                        1.0575892121836274,
                        -0.8716020633419994,
                        -0.27424643332606335,
                        0.18180197216511,
                        -0.2829092598813776,
                        0.3510708150545072,
                        -0.6932628939666671,
                        -0.6928037194542166,
                        0.35057044786423475,
                        -0.23952304328478632,
                        0.18167559076334908,
                        -0.2771657428383454,
                        -0.9022886570877424,
                        1.0045400152266528,
                        -0.8761327129249088,
                        0.9419295614950587,
                        -0.32109779599022015,
                        0.36384681860891976,
                        -0.27386838904350463,
                        0.23653994045763935
                    ]
                },