{
    "Lattice": "VEPP4M_full1_3_quads_errors.txt",
    "Elements": "quads.txt",
    "Optimizer": "GaussNewton",
    "Gradient step": 0.0001,
    "Corrector step": 0.0001,
    "Weigths_or_lambdas": null,
    "Matrix form": "Uncoupled",
    "Execution time": "0:04:02.164670",
    "Results": {
        "Initial residual": 18.46605649544172,
        "Initial parameters": [
            0.23857,
            -0.27657,
            0.36024,
            -0.31948,
            0.93011966,
            -0.8932828,
            0.99208665,
            -0.8760174,
            -0.27743,
            0.1809,
            -0.24116,
            0.34942,
            -0.69308,
            -0.69308,
            0.34942,
            -0.24116,
            0.1809,
            -0.27743,
            -0.8760174,
            0.99208665,
            -0.8932828,
            0.93011966,
            -0.31948,
            0.36024,
            -0.27657,
            0.23857
        ],
        "Bad parameters": [
            0.24157,
            -0.27657,
            0.36024,
            -0.31948,
            0.94011966,
            -0.8832828,
            0.99208665,
            -0.8760174,
            -0.27743,
            0.1809,
            -0.24116,
            0.34942,
            -0.69308,
            -0.69308,
            0.34942,
            -0.24116,
            0.1809,
            -0.27743,
            -0.8760174,
            0.99208665,
            -0.8932828,
            0.93011966,
            -0.31948,
            0.36024,
            -0.27657,
            0.23857
        ],
        "Final residual": {
            "Iteration": {
                "1": {
                    "Residual": 23962.588842716992
                },
                "2": {
                    "Residual": 15988.02773253957
                },
                "3": {
                    "Residual": 6857.581894028493
                },
                "4": {
                    "Residual": 23962.548517328207
                },
                "5": {
                    "Residual": 23381.966369242284
                },
                "6": {
                    "Residual": 24565.035918547488
                }
            }
        },
        "Final parameters": {
            "Iteration": {
                "1": {
                    "Parameters": [
                        0.2385690640747526,
                        -0.2647235677275854,
                        0.3588974818320944,
                        -0.31907965320455,
                        0.9390951327142842,
                        -0.8803594699809241,
                        0.9920213643492859,
                        -0.876017279834844,
                        -0.2774292986138937,
                        0.18089950380423006,
                        -0.2410952070804638,
                        0.3493996419299763,
                        -0.6930563452919993,
                        -0.6930792135560502,
                        0.34941826750848454,
                        -0.24086271355606814,
                        0.1813749059030686,
                        -0.2777633854118382,
                        -0.8808100006488861,
                        0.9865824828163113,
                        -0.893281698278158,
                        0.9263554877929068,
                        -0.31877029563902975,
                        0.3602763680334696,
                        -0.2769179210952314,
                        0.23991260812251863
                    ]
                },
                "2": {
                    "Parameters": [
                        0.2385690773812086,
                        -0.2759981913347706,
                        0.3593693002723135,
                        -0.31778293176326866,
                        0.9377987098117766,
                        -0.8803582230083048,
                        0.9920207885798165,
                        -0.8781481402110397,
                        -0.2758854154149077,
                        0.18125288231214137,
                        -0.24109590162001424,
                        0.34943327158618204,
                        -0.6931346013587532,
                        -0.6931122857088089,
                        0.349419069119926,
                        -0.241048351806073,
                        0.1806329454491269,
                        -0.27776296498946673,
                        -0.8808100631325926,
                        1.0002680947663847,
                        -0.8932812778557866,
                        0.9263552879954864,
                        -0.31877024525061204,
                        0.3602756147849257,
                        -0.2769176544996461,
                        0.238368577607918
                    ]
                },
                "3": {
                    "Parameters": [
                        0.23856880589524243,
                        -0.27587039942604896,
                        0.358654663082989,
                        -0.31778220028738824,
                        0.9377981183049308,
                        -0.8803584126372839,
                        0.9934593157275008,
                        -0.8781498239212918,
                        -0.2780127207504175,
                        0.18119167127461697,
                        -0.24109400638627992,
                        0.3495002679382424,
                        -0.6931350386662823,
                        -0.6930938985518016,
                        0.34933676197421604,
                        -0.24098725951580596,
                        0.1807158761836469,
                        -0.2774309245549255,
                        -0.8855178219956159,
                        1.0002691965182025,
                        -0.8932821843302947,
                        0.9249169701703011,
                        -0.31889884490515624,
                        0.3602766693895261,
                        -0.276917794932506,
                        0.23927129213583742
                    ]
                },
                "4": {
                    "Parameters": [
                        0.24135567127252977,
                        -0.27704099532474624,
                        0.3592230171407197,
                        -0.31869954931678546,
                        0.938856812179887,
                        -0.880357136277243,
                        0.9934756800205522,
                        -0.8781494386565287,
                        -0.2777133899190501,
                        0.18119191217578914,
                        -0.2411997590678716,
                        0.3494849827069866,
                        -0.6930913503217826,
                        -0.6930928029045785,
                        0.34938940974266497,
                        -0.2409874517271142,
                        0.18071394737868388,
                        -0.27644907129943214,
                        -0.8865770199354904,
                        1.0002692061356464,
                        -0.8923298553502571,
                        0.9248721888110324,
                        -0.3198807310077448,
                        0.3602759570359899,
                        -0.276916486834188,
                        0.24018840033338948
                    ]
                },