{
    "Lattice": "VEPP4M_full1_3_quads_errors.txt",
    "Elements": "quads.txt",
    "Optimizer": "GaussNewton",
    "Gradient step": 0.0001,
    "Corrector step": 0.0001,
    "Weigths_or_lambdas": null,
    "Matrix form": "Coupled",
    "Execution time": "0:04:01.237169",
    "Results": {
        "Initial residual": 7862.908366834251,
        "Initial parameters": [
            0.23857,
            -0.27657,
            0.36024,
            -0.31948,
            0.93011966,
            -0.8932828,
            0.99208665,
            -0.8760174,
            -0.27743,
            0.1809,
            -0.24116,
            0.34942,
            -0.69308,
            -0.69308,
            0.34942,
            -0.24116,
            0.1809,
            -0.27743,
            -0.8760174,
            0.99208665,
            -0.8932828,
            0.93011966,
            -0.31948,
            0.36024,
            -0.27657,
            0.23857
        ],
        "Bad parameters": [
            0.24157,
            -0.27657,
            0.36024,
            -0.31948,
            0.94011966,
            -0.8832828,
            0.99208665,
            -0.8760174,
            -0.27743,
            0.1809,
            -0.24116,
            0.34942,
            -0.69308,
            -0.69308,
            0.34942,
            -0.24116,
            0.1809,
            -0.27743,
            -0.8760174,
            0.99208665,
            -0.8932828,
            0.93011966,
            -0.31948,
            0.36024,
            -0.27657,
            0.23857
        ],
        "Final residual": {
            "Iteration": {
                "1": {
                    "Residual": 14.752600016727772
                },
                "2": {
                    "Residual": 12161.301655511468
                },
                "3": {
                    "Residual": 23962.92271893796
                },
                "4": {
                    "Residual": 17382.53226219021
                },
                "5": {
                    "Residual": 16546.55743616591
                },
                "6": {
                    "Residual": 14043.98736027538
                }
            }
        },
        "Final parameters": {
            "Iteration": {
                "1": {
                    "Parameters": [
                        0.23856967711036547,
                        -0.27491575935451756,
                        0.3602401827115245,
                        -0.3194790173736441,
                        0.9298410227881835,
                        -0.8869915364445508,
                        0.9914132309842713,
                        -0.8760172603296742,
                        -0.2774673100972219,
                        0.18090145071253072,
                        -0.24073530930220352,
                        0.35009350927331706,
                        -0.6929725029553591,
                        -0.6930798335397099,
                        0.34945468989050105,
                        -0.24088168075694952,
                        0.18047360634624168,
                        -0.2774323562396564,
                        -0.8760177096709928,
                        0.9920879272574605,
                        -0.9011733038543639,
                        0.9301197881413165,
                        -0.3195872378011859,
                        0.36008510529735066,
                        -0.2764050052575388,
                        0.23857116606149437
                    ]
                },
                "2": {
                    "Parameters": [
                        0.24733440503415402,
                        -0.27547235077630805,
                        0.3614530309882836,
                        -0.31991920943397556,
                        0.9298420564508086,
                        -0.8830332959267122,
                        0.9907428653870428,
                        -0.8799717958028541,
                        -0.27702556201449097,
                        0.18090132241351747,
                        -0.2407354743997799,
                        0.34944543609611145,
                        -0.6930744461327012,
                        -0.6930801524210854,
                        0.34937382264862266,
                        -0.2407702348597875,
                        0.18113084441059427,
                        -0.27716788829038247,
                        -0.8760177478878681,
                        0.9881289056611003,
                        -0.9012743034645757,
                        0.9328605208582552,
                        -0.3195707767027864,
                        0.36048924199068527,
                        -0.2773428233939806,
                        0.2403131565084411
                    ]
                },
                "3": {
                    "Parameters": [
                        0.24733397000957097,
                        -0.28011321071890166,
                        0.3614005777457354,
                        -0.31916766805160957,
                        0.9298432897308883,
                        -0.880188119559489,
                        0.9905704432411362,
                        -0.8800021843509038,
                        -0.27754808966115174,
                        0.1804849232434205,
                        -0.24119760110486696,
                        0.3493686292981171,
                        -0.6930209285661666,
                        -0.6930499160902165,
                        0.34954574317167525,
                        -0.24077050380359427,
                        0.1807222499394371,
                        -0.27731587673679287,
                        -0.8756946419383598,
                        0.9900288333502555,
                        -0.9007809007710808,
                        0.9328596525950051,
                        -0.31914117668126385,
                        0.3600592471992893,
                        -0.27734298715622935,
                        0.2403133378687145
                    ]
                },
                "4": {
                    "Parameters": [
                        0.2473336267228176,
                        -0.28011313961069756,
                        0.361450983352921,
                        -0.3189973546276151,
                        0.9298428546296927,
                        -0.8801881255562706,
                        0.9925899878893046,
                        -0.8823993278646174,
                        -0.2767192468247183,
                        0.18059834798636504,
                        -0.24130894928593047,
                        0.34942100564295253,
                        -0.69308265763408,
                        -0.6930070661636982,
                        0.34945187765081837,
                        -0.24076968671240628,
                        0.1807223239935081,
                        -0.27731556469161045,
                        -0.8756946231298294,
                        0.9900303785999933,
                        -0.9007726741350547,
                        0.9340856118540524,
                        -0.3190490954528597,
                        0.36026439732821064,
                        -0.2773444882576157,
                        0.23826822676163426
                    ]
                },