{
    "Lattice": "VEPP4M_full1_combined_magnets_errors.txt",
    "Elements": "quads.txt",
    "Optimizer": "GaussNewton",
    "Gradient step": 0.0001,
    "Corrector step": 1e-06,
    "Weigths_or_lambdas": null,
    "Matrix form": "Coupled",
    "Execution time": "0:04:01.028580",
    "Results": {
        "Initial residual": 440.8743879562777,
        "Initial parameters": [
            0.23857,
            -0.27657,
            0.36024,
            -0.31948,
            0.93011966,
            -0.8932828,
            0.99208665,
            -0.8760174,
            -0.27743,
            0.1809,
            -0.24116,
            0.34942,
            -0.69308,
            -0.69308,
            0.34942,
            -0.24116,
            0.1809,
            -0.27743,
            -0.8760174,
            0.99208665,
            -0.8932828,
            0.93011966,
            -0.31948,
            0.36024,
            -0.27657,
            0.23857
        ],
        "Bad parameters": [
            0.23857,
            -0.27657,
            0.36024,
            -0.31948,
            0.93011966,
            -0.8932828,
            0.99208665,
            -0.8760174,
            -0.27743,
            0.1809,
            -0.24116,
            0.34942,
            -0.69308,
            -0.69308,
            0.34942,
            -0.24116,
            0.1809,
            -0.27743,
            -0.8760174,
            0.99208665,
            -0.8932828,
            0.93011966,
            -0.31948,
            0.36024,
            -0.27657,
            0.23857
        ],
        "Final residual": {
            "Iteration": {
                "1": {
                    "Residual": 112.6767320606272
                },
                "2": {
                    "Residual": 96.85954559761646
                },
                "3": {
                    "Residual": 96.83857113154953
                },
                "4": {
                    "Residual": 96.8385024976574
                },
                "5": {
                    "Residual": 96.83850144571365
                },
                "6": {
                    "Residual": 96.8385014509386
                }
            }
        },
        "Final parameters": {
            "Iteration": {
                "1": {
                    "Parameters": [
                        0.24185925815657924,
                        -0.27914170410305467,
                        0.36566943277024877,
                        -0.3228713647257264,
                        0.9493998723149947,
                        -0.9599987725467547,
                        1.0738347442662657,
                        -0.8691028714285463,
                        -0.28291948209046247,
                        0.17821099679372993,
                        -0.23950159516451622,
                        0.34985010608785283,
                        -0.6938686935561511,
                        -0.6938687780826135,
                        0.3498501240025842,
                        -0.23950157631830704,
                        0.17821100380780064,
                        -0.2829194857208495,
                        -0.8691028900641494,
                        1.0738348052225082,
                        -0.9599987701981123,
                        0.9493998317574777,
                        -0.322871368996141,
                        0.36566943208077035,
                        -0.27914172685419003,
                        0.24185930947057446
                    ]
                },
                "2": {
                    "Parameters": [
                        0.24154247167982373,
                        -0.2790254185916137,
                        0.3656820187428005,
                        -0.32237295180544195,
                        0.9495376481479895,
                        -0.952763923812787,
                        1.0648615843956508,
                        -0.8684976290095657,
                        -0.28355539453498685,
                        0.1790896013845477,
                        -0.23941995525752138,
                        0.34979417921228184,
                        -0.6938508979093985,
                        -0.6938508998676955,
                        0.3497941796238365,
                        -0.2394199553192627,
                        0.1790896011908858,
                        -0.28355538980089934,
                        -0.8684976511160789,
                        1.0648615504245844,
                        -0.9527638956154278,
                        0.9495376054045647,
                        -0.32237295508105485,
                        0.3656820280395128,
                        -0.2790254220261071,
                        0.2415424780804089
                    ]
                },
                "3": {
                    "Parameters": [
                        0.24148740182316364,
                        -0.2789712911948683,
                        0.36574325554440895,
                        -0.32245003704881453,
                        0.9492363013023396,
                        -0.952805640069694,
                        1.0650462001947485,
                        -0.8680233727760444,
                        -0.2835580865568352,
                        0.17905750985233124,
                        -0.23940340377912614,
                        0.3497962703596958,
                        -0.6938513529165986,
                        -0.6938513504362518,
                        0.3497962707725431,
                        -0.2394034041195645,
                        0.17905751361843705,
                        -0.2835580871459536,
                        -0.8680233630928598,
                        1.0650461517902265,
                        -0.9528056195646816,
                        0.9492362961684321,
                        -0.3224500382475203,
                        0.36574325917435435,
                        -0.27897129307453244,
                        0.24148740412898337
                    ]
                },
                "4": {
                    "Parameters": [
                        0.24149251244873488,
                        -0.27897731065536285,
                        0.3657369681388146,
                        -0.32244319597718574,
                        0.9492576220193916,
                        -0.9527769070196226,
                        1.0650282066075507,
                        -0.8680594232449081,
                        -0.2835579212215266,
                        0.17905922057689322,
                        -0.23940302312781106,
                        0.3497959037604345,
                        -0.6938517189625956,
                        -0.6938517207072143,
                        0.3497959047664453,
                        -0.2394030227571021,
                        0.17905922551677506,
                        -0.2835579232060286,
                        -0.8680593970386301,
                        1.06502814447337,
                        -0.9527768921831481,
                        0.9492576346893496,
                        -0.3224431975360125,
                        0.36573697092489443,
                        -0.27897730810002463,
                        0.24149250540277317
                    ]
                },