{
    "Lattice": "VEPP4M_full1_3_quads_errors.txt",
    "Elements": "quads.txt",
    "Optimizer": "GaussNewton",
    "Gradient step": 0.0001,
    "Corrector step": 1e-06,
    "Weigths_or_lambdas": null,
    "Matrix form": "Coupled",
    "Execution time": "0:04:03.246228",
    "Results": {
        "Initial residual": 18.478947461134368,
        "Initial parameters": [
            0.23857,
            -0.27657,
            0.36024,
            -0.31948,
            0.93011966,
            -0.8932828,
            0.99208665,
            -0.8760174,
            -0.27743,
            0.1809,
            -0.24116,
            0.34942,
            -0.69308,
            -0.69308,
            0.34942,
            -0.24116,
            0.1809,
            -0.27743,
            -0.8760174,
            0.99208665,
            -0.8932828,
            0.93011966,
            -0.31948,
            0.36024,
            -0.27657,
            0.23857
        ],
        "Bad parameters": [
            0.24157,
            -0.27657,
            0.36024,
            -0.31948,
            0.94011966,
            -0.8832828,
            0.99208665,
            -0.8760174,
            -0.27743,
            0.1809,
            -0.24116,
            0.34942,
            -0.69308,
            -0.69308,
            0.34942,
            -0.24116,
            0.1809,
            -0.27743,
            -0.8760174,
            0.99208665,
            -0.8932828,
            0.93011966,
            -0.31948,
            0.36024,
            -0.27657,
            0.23857
        ],
        "Final residual": {
            "Iteration": {
                "1": {
                    "Residual": 0.003964852669991738
                },
                "2": {
                    "Residual": 1.2897135086619103e-09
                },
                "3": {
                    "Residual": 3.2927695804366457e-15
                },
                "4": {
                    "Residual": 1.1089643013433945e-16
                },
                "5": {
                    "Residual": 4.808435557867695e-17
                },
                "6": {
                    "Residual": 3.570105535360822e-17
                }
            }
        },
        "Final parameters": {
            "Iteration": {
                "1": {
                    "Parameters": [
                        0.24148703594662294,
                        -0.2765611885577377,
                        0.36022525241673575,
                        -0.31947165719542986,
                        0.9400822616634011,
                        -0.8834979887043372,
                        0.9922856131986606,
                        -0.8760631150394949,
                        -0.27742660473399267,
                        0.18089602781489364,
                        -0.24116204350544818,
                        0.3494205189916085,
                        -0.6930774492959311,
                        -0.6930812163152983,
                        0.34942007517451623,
                        -0.2411634752253219,
                        0.18090189280052146,
                        -0.2774267932342595,
                        -0.8760373310840709,
                        0.992115387957994,
                        -0.8932762554465408,
                        0.930111278746715,
                        -0.31947285269452197,
                        0.3602346655037615,
                        -0.27661847591314304,
                        0.23866852247965928
                    ]
                },
                "2": {
                    "Parameters": [
                        0.24157002398881883,
                        -0.2765700209669701,
                        0.36023999547336644,
                        -0.31947999887321127,
                        0.9401196676784976,
                        -0.8832828654214918,
                        0.9920867285009722,
                        -0.8760174061283467,
                        -0.27743000121443634,
                        0.18089999769811116,
                        -0.24115999901709398,
                        0.3494200015247532,
                        -0.69308000522237,
                        -0.6930799979379034,
                        0.34941999962806497,
                        -0.24115999902728424,
                        0.1809000014150249,
                        -0.2774300002302304,
                        -0.876017402676927,
                        0.9920866453107576,
                        -0.8932827938375923,
                        0.9301196598586742,
                        -0.3194799993141945,
                        0.3602399967142589,
                        -0.27657001326616815,
                        0.2385700426063507
                    ]
                },
                "3": {
                    "Parameters": [
                        0.24156999999320453,
                        -0.2765699999908898,
                        0.3602399999964741,
                        -0.31947999999762,
                        0.9401196600046878,
                        -0.8832827999792339,
                        0.9920866499807852,
                        -0.8760173999969275,
                        -0.27742999999832546,
                        0.1809000000003214,
                        -0.24116000000320748,
                        0.34942000000419093,
                        -0.6930799999999826,
                        -0.6930799999910566,
                        0.3494199999976536,
                        -0.24116000000955765,
                        0.18089999999610723,
                        -0.2774299999989679,
                        -0.8760174000219202,
                        0.9920866500257532,
                        -0.893282799989732,
                        0.9301196599737923,
                        -0.319479999999867,
                        0.3602400000034509,
                        -0.276570000007435,
                        0.2385700000182539
                    ]
                },
                "4": {
                    "Parameters": [
                        0.24157000000138704,
                        -0.2765700000029681,
                        0.36023999999519657,
                        -0.31947999999479026,
                        0.940119660012437,
                        -0.8832828000147773,
                        0.9920866500033193,
                        -0.8760173999945193,
                        -0.27742999999386125,
                        0.18089999999826828,
                        -0.24115999999974153,
                        0.34942000000416723,
                        -0.693080000022149,
                        -0.6930799999763287,
                        0.3494199999961823,
                        -0.24116000000672713,
                        0.1808999999973454,
                        -0.2774299999952403,
                        -0.8760174000160201,
                        0.9920866500073147,
                        -0.8932827999996884,
                        0.9301196599997483,
                        -0.3194799999986065,
                        0.360240000000099,
                        -0.2765700000004877,
                        0.23857000000011885
                    ]
                },