{
    "Lattice": "VEPP4M_full1_3_quads_errors.txt",
    "Elements": "quads.txt",
    "Optimizer": "GaussNewton",
    "Gradient step": 0.001,
    "Corrector step": 1e-06,
    "Weigths_or_lambdas": null,
    "Matrix form": "Uncoupled",
    "Execution time": "0:04:02.911365",
    "Results": {
        "Initial residual": 18.47894739726335,
        "Initial parameters": [
            0.23857,
            -0.27657,
            0.36024,
            -0.31948,
            0.93011966,
            -0.8932828,
            0.99208665,
            -0.8760174,
            -0.27743,
            0.1809,
            -0.24116,
            0.34942,
            -0.69308,
            -0.69308,
            0.34942,
            -0.24116,
            0.1809,
            -0.27743,
            -0.8760174,
            0.99208665,
            -0.8932828,
            0.93011966,
            -0.31948,
            0.36024,
            -0.27657,
            0.23857
        ],
        "Bad parameters": [
            0.24157,
            -0.27657,
            0.36024,
            -0.31948,
            0.94011966,
            -0.8832828,
            0.99208665,
            -0.8760174,
            -0.27743,
            0.1809,
            -0.24116,
            0.34942,
            -0.69308,
            -0.69308,
            0.34942,
            -0.24116,
            0.1809,
            -0.27743,
            -0.8760174,
            0.99208665,
            -0.8932828,
            0.93011966,
            -0.31948,
            0.36024,
            -0.27657,
            0.23857
        ],
        "Final residual": {
            "Iteration": {
                "1": {
                    "Residual": 0.0036130504414517532
                },
                "2": {
                    "Residual": 4.481520362899514e-08
                },
                "3": {
                    "Residual": 3.140304445764198e-11
                },
                "4": {
                    "Residual": 1.7535759281113632e-14
                },
                "5": {
                    "Residual": 1.3001058083053493e-16
                },
                "6": {
                    "Residual": 3.764357868307279e-17
                }
            }
        },
        "Final parameters": {
            "Iteration": {
                "1": {
                    "Parameters": [
                        0.24147945064181692,
                        -0.27655501603872623,
                        0.36022474243101316,
                        -0.31947205773990645,
                        0.9400760442584744,
                        -0.8834872471221665,
                        0.9922812713845968,
                        -0.8760642970399044,
                        -0.27742634306679836,
                        0.18089628441489913,
                        -0.2411622039631759,
                        0.34942050661895774,
                        -0.6930773640429458,
                        -0.6930812157197422,
                        0.3494200634731358,
                        -0.24116355752480842,
                        0.18090190542917955,
                        -0.27742670136316183,
                        -0.8760374135676136,
                        0.992116105288902,
                        -0.893277041180877,
                        0.9301115831042641,
                        -0.31947301687683954,
                        0.3602345301814154,
                        -0.2766186076998758,
                        0.23866941588827284
                    ]
                },
                "2": {
                    "Parameters": [
                        0.24156985117541147,
                        -0.27656993113889977,
                        0.3602399569042662,
                        -0.3194800206477466,
                        0.9401196166545552,
                        -0.8832827370942168,
                        0.9920868070692107,
                        -0.8760174241709069,
                        -0.2774300056306127,
                        0.18089998789630418,
                        -0.24115998633359415,
                        0.34942001635363834,
                        -0.6930800641891361,
                        -0.6930799734435106,
                        0.34941999536240137,
                        -0.24115997979993678,
                        0.18090000336540737,
                        -0.27743000662578315,
                        -0.8760174066514202,
                        0.9920866975535017,
                        -0.8932828042880551,
                        0.9301196433722625,
                        -0.3194800176683165,
                        0.36023998735982926,
                        -0.2765699569395397,
                        0.23857017213369858
                    ]
                },
                "3": {
                    "Parameters": [
                        0.24156999969797616,
                        -0.27657000004140214,
                        0.3602399998096975,
                        -0.31947999974594316,
                        0.9401196600027637,
                        -0.8832827999977334,
                        0.9920866498256086,
                        -0.8760173999476553,
                        -0.27742999999186546,
                        0.18089999997640685,
                        -0.2411600000788297,
                        0.34942000006836893,
                        -0.6930799985876044,
                        -0.6930800006292223,
                        0.34942000003289864,
                        -0.2411600001183977,
                        0.18090000002337062,
                        -0.2774300000003142,
                        -0.8760173999230104,
                        0.9920866497425603,
                        -0.8932827999124918,
                        0.9301196599813022,
                        -0.31947999981363856,
                        0.3602399999545653,
                        -0.27657000061884673,
                        0.23857000065281778
                    ]
                },
                "4": {
                    "Parameters": [
                        0.24156999999105433,
                        -0.2765699999964308,
                        0.36023999999758,
                        -0.3194800000000291,
                        0.9401196599827661,
                        -0.8832827999877155,
                        0.9920866499984753,
                        -0.8760173999970461,
                        -0.2774299999959504,
                        0.1809000000026937,
                        -0.2411600000014023,
                        0.3494200000097779,
                        -0.6930800000472281,
                        -0.6930799999705377,
                        0.3494199999943193,
                        -0.24116000000583326,
                        0.1808999999953974,
                        -0.2774299999931495,
                        -0.87601740001102,
                        0.9920866500360249,
                        -0.8932827999991444,
                        0.9301196599914379,
                        -0.3194800000006632,
                        0.360239999999435,
                        -0.27657000000444404,
                        0.23857000001222334
                    ]
                },