{
    "Lattice": "VEPP4M_full1_combined_magnets_errors.txt",
    "Elements": "quads.txt",
    "Optimizer": "GaussNewton",
    "Gradient step": 0.001,
    "Corrector step": 1e-06,
    "Weigths_or_lambdas": null,
    "Matrix form": "Uncoupled",
    "Execution time": "0:04:04.071806",
    "Results": {
        "Initial residual": 440.8743869595112,
        "Initial parameters": [
            0.23857,
            -0.27657,
            0.36024,
            -0.31948,
            0.93011966,
            -0.8932828,
            0.99208665,
            -0.8760174,
            -0.27743,
            0.1809,
            -0.24116,
            0.34942,
            -0.69308,
            -0.69308,
            0.34942,
            -0.24116,
            0.1809,
            -0.27743,
            -0.8760174,
            0.99208665,
            -0.8932828,
            0.93011966,
            -0.31948,
            0.36024,
            -0.27657,
            0.23857
        ],
        "Bad parameters": [
            0.23857,
            -0.27657,
            0.36024,
            -0.31948,
            0.93011966,
            -0.8932828,
            0.99208665,
            -0.8760174,
            -0.27743,
            0.1809,
            -0.24116,
            0.34942,
            -0.69308,
            -0.69308,
            0.34942,
            -0.24116,
            0.1809,
            -0.27743,
            -0.8760174,
            0.99208665,
            -0.8932828,
            0.93011966,
            -0.31948,
            0.36024,
            -0.27657,
            0.23857
        ],
        "Final residual": {
            "Iteration": {
                "1": {
                    "Residual": 114.8977218368781
                },
                "2": {
                    "Residual": 96.85724645100022
                },
                "3": {
                    "Residual": 96.83860102136481
                },
                "4": {
                    "Residual": 96.83855209752636
                },
                "5": {
                    "Residual": 96.83854883444803
                },
                "6": {
                    "Residual": 96.83854913944353
                }
            }
        },
        "Final parameters": {
            "Iteration": {
                "1": {
                    "Parameters": [
                        0.24185706578528637,
                        -0.27914606781614965,
                        0.36565623854541507,
                        -0.32288050349542574,
                        0.9494226342360097,
                        -0.960038436476637,
                        1.0738295501127677,
                        -0.8690924662916548,
                        -0.28293021330929946,
                        0.17822036982623357,
                        -0.23949169756071934,
                        0.3498454534365332,
                        -0.6938828413455672,
                        -0.6938828415015922,
                        0.349845453750143,
                        -0.239491697850625,
                        0.178220370379927,
                        -0.28293021308546923,
                        -0.8690924612889876,
                        1.0738295497258359,
                        -0.9600384383085833,
                        0.9494226329404676,
                        -0.322880503095067,
                        0.3656562383269234,
                        -0.2791460697925963,
                        0.2418570693726013
                    ]
                },
                "2": {
                    "Parameters": [
                        0.24154648708781373,
                        -0.2790261496911736,
                        0.36567100605666353,
                        -0.32236381645023005,
                        0.9495756526427297,
                        -0.9527777576551383,
                        1.064832313569836,
                        -0.8684826092422601,
                        -0.2835508144781417,
                        0.17909290027575106,
                        -0.23942224576187987,
                        0.34979505759132057,
                        -0.6938501106397128,
                        -0.6938501115968829,
                        0.34979505779156433,
                        -0.23942224566654544,
                        0.17909290048233567,
                        -0.2835508145794295,
                        -0.8684826079361128,
                        1.06483231069246,
                        -0.9527777557833566,
                        0.9495756503718049,
                        -0.32236381667314334,
                        0.3656710066478909,
                        -0.2790261502012817,
                        0.2415464879107965
                    ]
                },
                "3": {
                    "Parameters": [
                        0.2414894787847268,
                        -0.27896990458210263,
                        0.3657352542744404,
                        -0.3224479532110566,
                        0.9492727130702925,
                        -0.9528146214045162,
                        1.0650308911704225,
                        -0.8680102886972552,
                        -0.28355757995162156,
                        0.1790626543334634,
                        -0.23940285888678112,
                        0.3497958615573168,
                        -0.6938514282598978,
                        -0.6938514276054889,
                        0.34979586153779124,
                        -0.23940285905032443,
                        0.17906265446428224,
                        -0.28355758055440156,
                        -0.8680102843421368,
                        1.065030892441063,
                        -0.9528146223132415,
                        0.9492727129138815,
                        -0.3224479533061395,
                        0.3657352542883755,
                        -0.27896990535525396,
                        0.24148948044492943
                    ]
                },
                "4": {
                    "Parameters": [
                        0.24149470940980003,
                        -0.2789766577575748,
                        0.36572889368196965,
                        -0.32244020884955243,
                        0.9492928366516417,
                        -0.9527840083510254,
                        1.0650102044857466,
                        -0.8680472933711812,
                        -0.2835570066041849,
                        0.17906444329354215,
                        -0.23940289999367417,
                        0.3497955396968872,
                        -0.6938517044333252,
                        -0.693851705509814,
                        0.3497955398850854,
                        -0.23940289977793286,
                        0.17906444359606719,
                        -0.283557006760307,
                        -0.8680472919743617,
                        1.065010199382205,
                        -0.9527840070692374,
                        0.9492928368737077,
                        -0.32244020904163806,
                        0.36572889407477893,
                        -0.2789766572720219,
                        0.24149470823500074
                    ]
                },