{
    "Lattice": "VEPP4M_full1_3_quads_errors.txt",
    "Elements": "quads.txt",
    "Optimizer": "GaussNewton",
    "Gradient step": 0.0001,
    "Corrector step": 1e-06,
    "Weigths_or_lambdas": null,
    "Matrix form": "Uncoupled",
    "Execution time": "0:04:02.471109",
    "Results": {
        "Initial residual": 18.47894739726335,
        "Initial parameters": [
            0.23857,
            -0.27657,
            0.36024,
            -0.31948,
            0.93011966,
            -0.8932828,
            0.99208665,
            -0.8760174,
            -0.27743,
            0.1809,
            -0.24116,
            0.34942,
            -0.69308,
            -0.69308,
            0.34942,
            -0.24116,
            0.1809,
            -0.27743,
            -0.8760174,
            0.99208665,
            -0.8932828,
            0.93011966,
            -0.31948,
            0.36024,
            -0.27657,
            0.23857
        ],
        "Bad parameters": [
            0.24157,
            -0.27657,
            0.36024,
            -0.31948,
            0.94011966,
            -0.8832828,
            0.99208665,
            -0.8760174,
            -0.27743,
            0.1809,
            -0.24116,
            0.34942,
            -0.69308,
            -0.69308,
            0.34942,
            -0.24116,
            0.1809,
            -0.27743,
            -0.8760174,
            0.99208665,
            -0.8932828,
            0.93011966,
            -0.31948,
            0.36024,
            -0.27657,
            0.23857
        ],
        "Final residual": {
            "Iteration": {
                "1": {
                    "Residual": 0.0039648526148478875
                },
                "2": {
                    "Residual": 1.289837861829065e-09
                },
                "3": {
                    "Residual": 3.1498349725143932e-15
                },
                "4": {
                    "Residual": 9.971497338315844e-17
                },
                "5": {
                    "Residual": 4.53751302551543e-17
                },
                "6": {
                    "Residual": 2.898570402457691e-17
                }
            }
        },
        "Final parameters": {
            "Iteration": {
                "1": {
                    "Parameters": [
                        0.2414870359476847,
                        -0.2765611885581356,
                        0.3602252524164024,
                        -0.3194716571953877,
                        0.9400822616658158,
                        -0.8834979887068987,
                        0.9922856132019202,
                        -0.8760631150390616,
                        -0.2774266047340261,
                        0.180896027813863,
                        -0.24116204350432754,
                        0.3494205189922994,
                        -0.6930774492997867,
                        -0.6930812163116302,
                        0.3494200751738871,
                        -0.2411634752256923,
                        0.18090189280049918,
                        -0.2774267932342959,
                        -0.8760373310845688,
                        0.9921153879586098,
                        -0.8932762554454874,
                        0.9301112787451458,
                        -0.31947285269451636,
                        0.36023466550396105,
                        -0.27661847591316463,
                        0.23866852247941328
                    ]
                },
                "2": {
                    "Parameters": [
                        0.24157002398837962,
                        -0.2765700209674212,
                        0.3602399954741905,
                        -0.31947999887522227,
                        0.9401196676772444,
                        -0.8832828654213589,
                        0.9920867285149608,
                        -0.8760174061337178,
                        -0.2774300012237344,
                        0.1808999976986059,
                        -0.24115999901099308,
                        0.34942000152731933,
                        -0.6930800052391796,
                        -0.6930799979216435,
                        0.3494199996255119,
                        -0.24115999903022728,
                        0.18090000141226142,
                        -0.27743000023414294,
                        -0.8760174026881533,
                        0.9920866453324529,
                        -0.8932827938421192,
                        0.9301196598556759,
                        -0.31947999931355336,
                        0.36023999671395496,
                        -0.2765700132663482,
                        0.23857004260595704
                    ]
                },
                "3": {
                    "Parameters": [
                        0.24156999999528528,
                        -0.2765699999903381,
                        0.36023999999482187,
                        -0.31947999999520776,
                        0.9401196600039108,
                        -0.8832827999871501,
                        0.9920866499824607,
                        -0.8760174000117651,
                        -0.2774299999941444,
                        0.18090000000159093,
                        -0.24116000000877844,
                        0.34942000000196044,
                        -0.6930799999800689,
                        -0.6930800000102042,
                        0.34942000000011014,
                        -0.2411600000074928,
                        0.1808999999935109,
                        -0.2774299999927309,
                        -0.8760174000287849,
                        0.9920866500291938,
                        -0.8932827999926805,
                        0.9301196599737351,
                        -0.31947999999875043,
                        0.3602400000026525,
                        -0.2765700000056239,
                        0.2385700000154117
                    ]
                },
                "4": {
                    "Parameters": [
                        0.24157000000283685,
                        -0.2765700000030341,
                        0.3602399999970445,
                        -0.31947999999685,
                        0.9401196600065989,
                        -0.8832828000106028,
                        0.9920866500108639,
                        -0.8760174000048446,
                        -0.2774299999969285,
                        0.18089999999699874,
                        -0.24115999999386972,
                        0.34942000000656576,
                        -0.6930800000394883,
                        -0.693079999960136,
                        0.34941999999369827,
                        -0.2411600000067003,
                        0.1808999999979958,
                        -0.2774299999957018,
                        -0.8760174000189314,
                        0.9920866500049744,
                        -0.8932828000106504,
                        0.9301196600081741,
                        -0.3194799999978968,
                        0.36024000000025447,
                        -0.2765699999990782,
                        0.2385699999980752
                    ]
                },