{
    "Lattice": "VEPP4M_full1_3_quads_errors.txt",
    "Elements": "quads.txt",
    "Optimizer": "GaussNewton",
    "Gradient step": 0.001,
    "Corrector step": 0.001,
    "Weigths_or_lambdas": null,
    "Matrix form": "Coupled",
    "Execution time": "0:04:04.419975",
    "Results": {
        "Initial residual": 1902.4094382161459,
        "Initial parameters": [
            0.23857,
            -0.27657,
            0.36024,
            -0.31948,
            0.93011966,
            -0.8932828,
            0.99208665,
            -0.8760174,
            -0.27743,
            0.1809,
            -0.24116,
            0.34942,
            -0.69308,
            -0.69308,
            0.34942,
            -0.24116,
            0.1809,
            -0.27743,
            -0.8760174,
            0.99208665,
            -0.8932828,
            0.93011966,
            -0.31948,
            0.36024,
            -0.27657,
            0.23857
        ],
        "Bad parameters": [
            0.24157,
            -0.27657,
            0.36024,
            -0.31948,
            0.94011966,
            -0.8832828,
            0.99208665,
            -0.8760174,
            -0.27743,
            0.1809,
            -0.24116,
            0.34942,
            -0.69308,
            -0.69308,
            0.34942,
            -0.24116,
            0.1809,
            -0.27743,
            -0.8760174,
            0.99208665,
            -0.8932828,
            0.93011966,
            -0.31948,
            0.36024,
            -0.27657,
            0.23857
        ],
        "Final residual": {
            "Iteration": {
                "1": {
                    "Residual": 23672.41654021245
                },
                "2": {
                    "Residual": 10023.975910597637
                },
                "3": {
                    "Residual": 603.4752855673119
                },
                "4": {
                    "Residual": 9364.839510550293
                },
                "5": {
                    "Residual": 23297.572475382774
                }
            }
        },
        "Final parameters": {
            "Iteration": {
                "1": {
                    "Parameters": [
                        0.23856999999995246,
                        -0.2765699999999749,
                        0.36023999999999107,
                        -0.3194799999999952,
                        0.9301196599998544,
                        -0.8932828,
                        0.9920866500000552,
                        -0.8760174,
                        -0.2774300000000045,
                        0.1808999999998332,
                        -0.24116000000008328,
                        0.3494200000000056,
                        -0.6930800000000027,
                        -0.6920799999999998,
                        0.34941999999999995,
                        -0.24115999999999996,
                        0.18090000000008621,
                        -0.2774299999999963,
                        -0.8760174000000547,
                        0.9920866500001265,
                        -0.8932828,
                        0.9301196600001128,
                        -0.31948000000000004,
                        0.3602399999999856,
                        -0.2765699999999087,
                        0.23856999999997602
                    ]
                },
                "2": {
                    "Parameters": [
                        0.23856999999995243,
                        -0.27656999999997484,
                        0.36023999999999096,
                        -0.31947999999999516,
                        0.9301196599998545,
                        -0.8927828000000002,
                        0.9920866500000551,
                        -0.8760173999999393,
                        -0.2774300000000106,
                        0.18089999999983317,
                        -0.24116000000008556,
                        0.34942000000000667,
                        -0.6930800000000703,
                        -0.6920799999999998,
                        0.3494199999999975,
                        -0.24116000000000004,
                        0.18090000000008413,
                        -0.27742999999999624,
                        -0.8760174000001083,
                        0.9920866500001265,
                        -0.8932827999999843,
                        0.9301196600001128,
                        -0.31947999999987015,
                        0.3602399999999809,
                        -0.2760699999999085,
                        0.23856999999997594
                    ]
                },
                "3": {
                    "Parameters": [
                        0.23890333333328576,
                        -0.27656999999997484,
                        0.3602399999999909,
                        -0.3194799999999953,
                        0.9301196599998542,
                        -0.8927828000000002,
                        0.9920866500000562,
                        -0.8760173999999393,
                        -0.2774300000000107,
                        0.18089999999983347,
                        -0.24116000000008556,
                        0.3494200000000066,
                        -0.6930800000000703,
                        -0.6920799999999998,
                        0.3494199999999977,
                        -0.24116000000000004,
                        0.18123333333341748,
                        -0.27742999999999624,
                        -0.8760174000001082,
                        0.9920866500001265,
                        -0.8932827999999842,
                        0.9301196600001114,
                        -0.3194799999998703,
                        0.36023999999998113,
                        -0.2760699999999084,
                        0.23890333333330926
                    ]
                },
                "4": {
                    "Parameters": [
                        0.2406164996706815,
                        -0.2765713891994229,
                        0.3602313739397322,
                        -0.3194145660992551,
                        0.9449028462559624,
                        -0.8927882339864643,
                        0.9608082746802871,
                        -0.890802998223438,
                        -0.270657868336097,
                        0.1785081609538828,
                        -0.2411759208470548,
                        0.3496970979741957,
                        -0.6931437465668137,
                        -0.6920974413990293,
                        0.34939644577349505,
                        -0.24112715025850398,
                        0.17800113026068634,
                        -0.2783782001465439,
                        -0.8529471691844697,
                        0.9921044012216707,
                        -0.8932811239223887,
                        0.9301460533442307,
                        -0.31966898109550235,
                        0.3602539343990316,
                        -0.27463077776894584,
                        0.2398719477046798
                    ]
                },