{
    "Lattice": "VEPP4M_full1_3_quads_errors.txt",
    "Elements": "quads.txt",
    "Optimizer": "GaussNewton",
    "Gradient step": 0.001,
    "Corrector step": 1e-06,
    "Weigths_or_lambdas": null,
    "Matrix form": "Coupled",
    "Execution time": "0:04:01.369200",
    "Results": {
        "Initial residual": 18.478947461134368,
        "Initial parameters": [
            0.23857,
            -0.27657,
            0.36024,
            -0.31948,
            0.93011966,
            -0.8932828,
            0.99208665,
            -0.8760174,
            -0.27743,
            0.1809,
            -0.24116,
            0.34942,
            -0.69308,
            -0.69308,
            0.34942,
            -0.24116,
            0.1809,
            -0.27743,
            -0.8760174,
            0.99208665,
            -0.8932828,
            0.93011966,
            -0.31948,
            0.36024,
            -0.27657,
            0.23857
        ],
        "Bad parameters": [
            0.24157,
            -0.27657,
            0.36024,
            -0.31948,
            0.94011966,
            -0.8832828,
            0.99208665,
            -0.8760174,
            -0.27743,
            0.1809,
            -0.24116,
            0.34942,
            -0.69308,
            -0.69308,
            0.34942,
            -0.24116,
            0.1809,
            -0.27743,
            -0.8760174,
            0.99208665,
            -0.8932828,
            0.93011966,
            -0.31948,
            0.36024,
            -0.27657,
            0.23857
        ],
        "Final residual": {
            "Iteration": {
                "1": {
                    "Residual": 0.0036130504513296816
                },
                "2": {
                    "Residual": 4.4815205933595106e-08
                },
                "3": {
                    "Residual": 3.1401904501002705e-11
                },
                "4": {
                    "Residual": 1.742082578410914e-14
                },
                "5": {
                    "Residual": 1.2483232035499557e-16
                },
                "6": {
                    "Residual": 3.250563549153969e-17
                }
            }
        },
        "Final parameters": {
            "Iteration": {
                "1": {
                    "Parameters": [
                        0.24147945064080648,
                        -0.2765550160383433,
                        0.36022474243132585,
                        -0.3194720577399417,
                        0.9400760442561692,
                        -0.8834872471197388,
                        0.992281271381556,
                        -0.8760642970403344,
                        -0.27742634306676095,
                        0.18089628441586808,
                        -0.2411622039642869,
                        0.34942050661825824,
                        -0.6930773640389498,
                        -0.693081215723555,
                        0.34942006347377824,
                        -0.2411635575244156,
                        0.1809019054291917,
                        -0.2774267013631246,
                        -0.876037413567125,
                        0.9921161052883751,
                        -0.8932770411819179,
                        0.9301115831057505,
                        -0.3194730168768451,
                        0.36023453018122215,
                        -0.27661860769986585,
                        0.23866941588852641
                    ]
                },
                "2": {
                    "Parameters": [
                        0.2415698511748471,
                        -0.2765699311386387,
                        0.36023995690491134,
                        -0.31948002064840514,
                        0.940119616652843,
                        -0.8832827370941149,
                        0.9920868070695372,
                        -0.8760174241699296,
                        -0.2774300056301381,
                        0.18089998789577943,
                        -0.24115998633316896,
                        0.34942001635388514,
                        -0.6930800641905416,
                        -0.6930799734423075,
                        0.3494199953622887,
                        -0.24115997979983095,
                        0.18090000336506135,
                        -0.2774300066261891,
                        -0.8760174066529124,
                        0.992086697556439,
                        -0.8932828042853966,
                        0.9301196433689135,
                        -0.3194800176682202,
                        0.3602399873600818,
                        -0.27656995694081166,
                        0.23857017213549048
                    ]
                },
                "3": {
                    "Parameters": [
                        0.2415699996984541,
                        -0.2765700000416546,
                        0.3602399998093069,
                        -0.31947999974577435,
                        0.9401196600024123,
                        -0.8832828000005667,
                        0.9920866498322217,
                        -0.8760173999466402,
                        -0.27742999999224843,
                        0.18089999997574147,
                        -0.24116000007847926,
                        0.3494200000684934,
                        -0.6930799985885281,
                        -0.6930800006283832,
                        0.3494200000328212,
                        -0.24116000011842745,
                        0.18090000002366635,
                        -0.277430000000281,
                        -0.8760173999240224,
                        0.9920866497385549,
                        -0.8932827999099797,
                        0.930119659981328,
                        -0.319479999813681,
                        0.3602399999547989,
                        -0.27657000061875897,
                        0.23857000065248204
                    ]
                },
                "4": {
                    "Parameters": [
                        0.24156999999062842,
                        -0.27656999999634085,
                        0.360239999997596,
                        -0.319479999999995,
                        0.9401196599839438,
                        -0.8832827999899071,
                        0.9920866500007356,
                        -0.8760173999956268,
                        -0.27742999999634366,
                        0.1809000000029674,
                        -0.2411600000010834,
                        0.3494200000099711,
                        -0.6930800000480826,
                        -0.693079999969735,
                        0.3494199999941164,
                        -0.24116000000574447,
                        0.1808999999952116,
                        -0.2774299999932325,
                        -0.8760174000102582,
                        0.992086650034596,
                        -0.89328279999902,
                        0.9301196599923593,
                        -0.31948000000070254,
                        0.3602399999995854,
                        -0.27657000000501736,
                        0.23857000001303855
                    ]
                },