{
    "Lattice": "VEPP4M_full1_3_quads_errors.txt",
    "Elements": "quads.txt",
    "Optimizer": "GaussNewton",
    "Gradient step": 0.0001,
    "Corrector step": 0.001,
    "Weigths_or_lambdas": null,
    "Matrix form": "Coupled",
    "Execution time": "0:04:04.025026",
    "Results": {
        "Initial residual": 17.35051483315896,
        "Initial parameters": [
            0.23857,
            -0.27657,
            0.36024,
            -0.31948,
            0.93011966,
            -0.8932828,
            0.99208665,
            -0.8760174,
            -0.27743,
            0.1809,
            -0.24116,
            0.34942,
            -0.69308,
            -0.69308,
            0.34942,
            -0.24116,
            0.1809,
            -0.27743,
            -0.8760174,
            0.99208665,
            -0.8932828,
            0.93011966,
            -0.31948,
            0.36024,
            -0.27657,
            0.23857
        ],
        "Bad parameters": [
            0.24157,
            -0.27657,
            0.36024,
            -0.31948,
            0.94011966,
            -0.8832828,
            0.99208665,
            -0.8760174,
            -0.27743,
            0.1809,
            -0.24116,
            0.34942,
            -0.69308,
            -0.69308,
            0.34942,
            -0.24116,
            0.1809,
            -0.27743,
            -0.8760174,
            0.99208665,
            -0.8932828,
            0.93011966,
            -0.31948,
            0.36024,
            -0.27657,
            0.23857
        ],
        "Final residual": {
            "Iteration": {
                "1": {
                    "Residual": 17150.344692814397
                },
                "2": {
                    "Residual": 10168.825129144274
                },
                "3": {
                    "Residual": 1.4495210690193823
                },
                "4": {
                    "Residual": 23022.540815616776
                },
                "5": {
                    "Residual": 0.6865945298227506
                },
                "6": {
                    "Residual": 16319.89111641013
                }
            }
        },
        "Final parameters": {
            "Iteration": {
                "1": {
                    "Parameters": [
                        0.23857225426416245,
                        -0.27461433523945744,
                        0.3620831507488881,
                        -0.32075968302448427,
                        0.9299975195334985,
                        -0.8928738929308726,
                        0.9934957846011494,
                        -0.8737297928675527,
                        -0.27710922978761304,
                        0.18081954225840433,
                        -0.2415691520873387,
                        0.3495424732591586,
                        -0.6928451744156564,
                        -0.6930810165953297,
                        0.3494207712389356,
                        -0.24115909660090412,
                        0.1809799074001021,
                        -0.27883880141257594,
                        -0.8793048435819316,
                        0.9933650223542856,
                        -0.8932829552590221,
                        0.9256359580049593,
                        -0.3198004549750946,
                        0.36090977579799605,
                        -0.27657055465185787,
                        0.23944953320387635
                    ]
                },
                "2": {
                    "Parameters": [
                        0.23831255804536153,
                        -0.2750813770517322,
                        0.36214752013588525,
                        -0.32063845906039684,
                        0.9385237771579851,
                        -0.8928735513493178,
                        0.9886912348832375,
                        -0.8744008531146199,
                        -0.27684950793491103,
                        0.18054431184410136,
                        -0.24089607484025954,
                        0.34954174130107846,
                        -0.6928710886985086,
                        -0.6931476820249465,
                        0.3494202955041642,
                        -0.24113433066225376,
                        0.18097912267563254,
                        -0.2774057313247286,
                        -0.8802698106067274,
                        0.9933653146268875,
                        -0.8942072194456585,
                        0.9222311626929997,
                        -0.3199209958693835,
                        0.36177746459027343,
                        -0.27748694281516667,
                        0.24048187846984032
                    ]
                },
                "3": {
                    "Parameters": [
                        0.23976627978582266,
                        -0.2751797556948356,
                        0.3614491223385288,
                        -0.3206379921641229,
                        0.9392214543465424,
                        -0.8828493542124956,
                        0.9886904130676948,
                        -0.8742919678581371,
                        -0.2768499040750219,
                        0.18057335518690842,
                        -0.2408960372580953,
                        0.3494339784605336,
                        -0.6928710511549073,
                        -0.6933349098853628,
                        0.3494203330476915,
                        -0.24113438337990797,
                        0.18097924974558333,
                        -0.2765585998881057,
                        -0.881529976488245,
                        0.9875036034819146,
                        -0.8889174287295104,
                        0.9222015481729816,
                        -0.3199207831963543,
                        0.36168740118372483,
                        -0.27727464467358814,
                        0.24008941184896407
                    ]
                },
                "4": {
                    "Parameters": [
                        0.23976629232887098,
                        -0.2755113958819855,
                        0.36125732080228146,
                        -0.3205213496480568,
                        0.938507434157287,
                        -0.882849291022485,
                        0.9866725254987603,
                        -0.8739503813705867,
                        -0.2766577592427893,
                        0.18057300129286968,
                        -0.24111696922840636,
                        0.3494656505711165,
                        -0.692871016313681,
                        -0.6933141911398386,
                        0.3494874400559628,
                        -0.2411334942886336,
                        0.1809796348170309,
                        -0.27675229253424766,
                        -0.8811987149488346,
                        0.9905997039447798,
                        -0.8889173667095495,
                        0.9221153063934097,
                        -0.3199207483551299,
                        0.3613444874755368,
                        -0.2772726119525564,
                        0.24008971251208255
                    ]
                },