{
    "Lattice": "VEPP4M_full1_3_quads_errors.txt",
    "Elements": "quads.txt",
    "Optimizer": "GaussNewton",
    "Gradient step": 0.0001,
    "Corrector step": 1e-05,
    "Weigths_or_lambdas": null,
    "Matrix form": "Uncoupled",
    "Execution time": "0:04:03.093710",
    "Results": {
        "Initial residual": 18.47885893115592,
        "Initial parameters": [
            0.23857,
            -0.27657,
            0.36024,
            -0.31948,
            0.93011966,
            -0.8932828,
            0.99208665,
            -0.8760174,
            -0.27743,
            0.1809,
            -0.24116,
            0.34942,
            -0.69308,
            -0.69308,
            0.34942,
            -0.24116,
            0.1809,
            -0.27743,
            -0.8760174,
            0.99208665,
            -0.8932828,
            0.93011966,
            -0.31948,
            0.36024,
            -0.27657,
            0.23857
        ],
        "Bad parameters": [
            0.24157,
            -0.27657,
            0.36024,
            -0.31948,
            0.94011966,
            -0.8832828,
            0.99208665,
            -0.8760174,
            -0.27743,
            0.1809,
            -0.24116,
            0.34942,
            -0.69308,
            -0.69308,
            0.34942,
            -0.24116,
            0.1809,
            -0.27743,
            -0.8760174,
            0.99208665,
            -0.8932828,
            0.93011966,
            -0.31948,
            0.36024,
            -0.27657,
            0.23857
        ],
        "Final residual": {
            "Iteration": {
                "1": {
                    "Residual": 0.003964606084744587
                },
                "2": {
                    "Residual": 1.2903965016683688e-09
                },
                "3": {
                    "Residual": 3.4031731226239137e-15
                },
                "4": {
                    "Residual": 1.3267142991914914e-16
                },
                "5": {
                    "Residual": 4.847554784065248e-17
                },
                "6": {
                    "Residual": 2.584337081402379e-17
                }
            }
        },
        "Final parameters": {
            "Iteration": {
                "1": {
                    "Parameters": [
                        0.24148702090869473,
                        -0.27656118146871445,
                        0.3602252670800205,
                        -0.31947166520928,
                        0.9400822759311949,
                        -0.8834980040767402,
                        0.9922856505846297,
                        -0.8760631217584812,
                        -0.27742660321353557,
                        0.18089603222177295,
                        -0.24116204466888758,
                        0.34942051968799015,
                        -0.6930774491104443,
                        -0.6930812148804782,
                        0.34942007362635596,
                        -0.2411634788951294,
                        0.18090187726122683,
                        -0.27742678796442816,
                        -0.8760373852950646,
                        0.992115508117851,
                        -0.8932762593370114,
                        0.9301112310797702,
                        -0.3194728534972212,
                        0.36023466478574384,
                        -0.27661846910630866,
                        0.23866850970264242
                    ]
                },
                "2": {
                    "Parameters": [
                        0.24157002406990322,
                        -0.27657002100597206,
                        0.3602399954843109,
                        -0.31947999887776957,
                        0.9401196676377797,
                        -0.8832828653794176,
                        0.9920867284844868,
                        -0.8760174060752044,
                        -0.2774300012270528,
                        0.18089999770971227,
                        -0.24115999900398186,
                        0.34942000152639396,
                        -0.6930800052255858,
                        -0.6930799979408695,
                        0.3494199996221825,
                        -0.2411599990229038,
                        0.18090000142081997,
                        -0.2774300002291536,
                        -0.8760174024865521,
                        0.9920866450426353,
                        -0.8932827938483192,
                        0.9301196599784848,
                        -0.31947999933254917,
                        0.3602399967247522,
                        -0.27657001321489794,
                        0.23857004249786756
                    ]
                },
                "3": {
                    "Parameters": [
                        0.24156999999069922,
                        -0.276569999989416,
                        0.360240000000261,
                        -0.3194799999994835,
                        0.9401196599933743,
                        -0.8832827999810475,
                        0.9920866500356513,
                        -0.8760174000264561,
                        -0.27743000000103146,
                        0.18089999998730183,
                        -0.2411599999954825,
                        0.3494200000001443,
                        -0.6930799999967064,
                        -0.6930799999984881,
                        0.3494200000019989,
                        -0.2411599999999675,
                        0.18089999999795933,
                        -0.277429999998253,
                        -0.8760174000158986,
                        0.9920866500122929,
                        -0.8932828000127254,
                        0.9301196600051465,
                        -0.31947999999608456,
                        0.3602399999980603,
                        -0.27657000000734167,
                        0.23857000002125323
                    ]
                },
                "4": {
                    "Parameters": [
                        0.24157000000025397,
                        -0.27657000000156273,
                        0.3602400000012062,
                        -0.3194799999994897,
                        0.9401196599871079,
                        -0.883282799985286,
                        0.9920866500200806,
                        -0.8760174000133141,
                        -0.27743000000098517,
                        0.18089999999517492,
                        -0.2411599999934461,
                        0.34942000000204654,
                        -0.6930800000143331,
                        -0.6930799999878205,
                        0.3494199999984851,
                        -0.2411599999983193,
                        0.18089999999571008,
                        -0.27742999999558043,
                        -0.876017400018262,
                        0.99208665001064,
                        -0.8932828000214028,
                        0.9301196600083838,
                        -0.31947999999875876,
                        0.36024000000043527,
                        -0.27656999999745263,
                        0.23856999999910075
                    ]
                },