{
    "Lattice": "VEPP4M_full1_combined_magnets_errors.txt",
    "Elements": "quads.txt",
    "Optimizer": "GaussNewton",
    "Gradient step": 0.001,
    "Corrector step": 0.001,
    "Weigths_or_lambdas": null,
    "Matrix form": "Uncoupled",
    "Execution time": "0:04:03.965847",
    "Results": {
        "Initial residual": 415.16604366823947,
        "Initial parameters": [
            0.23857,
            -0.27657,
            0.36024,
            -0.31948,
            0.93011966,
            -0.8932828,
            0.99208665,
            -0.8760174,
            -0.27743,
            0.1809,
            -0.24116,
            0.34942,
            -0.69308,
            -0.69308,
            0.34942,
            -0.24116,
            0.1809,
            -0.27743,
            -0.8760174,
            0.99208665,
            -0.8932828,
            0.93011966,
            -0.31948,
            0.36024,
            -0.27657,
            0.23857
        ],
        "Bad parameters": [
            0.23857,
            -0.27657,
            0.36024,
            -0.31948,
            0.93011966,
            -0.8932828,
            0.99208665,
            -0.8760174,
            -0.27743,
            0.1809,
            -0.24116,
            0.34942,
            -0.69308,
            -0.69308,
            0.34942,
            -0.24116,
            0.1809,
            -0.27743,
            -0.8760174,
            0.99208665,
            -0.8932828,
            0.93011966,
            -0.31948,
            0.36024,
            -0.27657,
            0.23857
        ],
        "Final residual": {
            "Iteration": {
                "1": {
                    "Residual": 1732.796225303816
                },
                "2": {
                    "Residual": 426.70010741509884
                },
                "3": {
                    "Residual": 26698.018138025443
                },
                "4": {
                    "Residual": 11439.987208316219
                },
                "5": {
                    "Residual": 27365.36435205422
                },
                "6": {
                    "Residual": 11885.8045632258
                }
            }
        },
        "Final parameters": {
            "Iteration": {
                "1": {
                    "Parameters": [
                        0.24027999265848704,
                        -0.2765957332331502,
                        0.3602370838502929,
                        -0.3040563551704006,
                        0.9196961034567136,
                        -0.9123539819770214,
                        0.9920837135794071,
                        -0.8839736994650542,
                        -0.2773662648090161,
                        0.18098513510119196,
                        -0.2566046476974893,
                        0.34987654137663693,
                        -0.6946600722922958,
                        -0.6927289444822803,
                        0.34938408018466166,
                        -0.24389376023878162,
                        0.18089706357652133,
                        -0.26796706648894236,
                        -0.8949606771519379,
                        1.0024795765512222,
                        -0.9027929672934498,
                        0.9301167235765222,
                        -0.3194829364234778,
                        0.36023706357670277,
                        -0.27657293635248664,
                        0.24130379037779462
                    ]
                },
                "2": {
                    "Parameters": [
                        0.24176839688139531,
                        -0.28381355211638754,
                        0.36030740144297524,
                        -0.31443982145071697,
                        0.9196535445656211,
                        -0.8600378704376432,
                        0.9794421232740045,
                        -0.8840909237603229,
                        -0.27727190521108896,
                        0.1815531261538049,
                        -0.23965581340124356,
                        0.3477794663871853,
                        -0.6989271672933757,
                        -0.690009837795124,
                        0.35208213772513486,
                        -0.24089780407845476,
                        0.18406080246284776,
                        -0.26790214003695034,
                        -0.8950262243230248,
                        0.9925648866064223,
                        -0.9028068441200864,
                        0.9334449449483894,
                        -0.3194671276984923,
                        0.36236706345774927,
                        -0.27658681317463274,
                        0.24141666707855194
                    ]
                },
                "3": {
                    "Parameters": [
                        0.2418227112415203,
                        -0.2837980584455191,
                        0.3685202224803262,
                        -0.32477957519633727,
                        0.9196382375124758,
                        -0.8814022084346244,
                        1.000331386183481,
                        -0.8725583110273569,
                        -0.2818822468007491,
                        0.18150500045732107,
                        -0.24071874276021654,
                        0.34806846170748107,
                        -0.6981821359099283,
                        -0.6907271518482917,
                        0.3520671838056502,
                        -0.2409258346448718,
                        0.18979479410900535,
                        -0.2678422535115432,
                        -0.8950204653577929,
                        0.9936160979785001,
                        -0.891836103107207,
                        0.9125743695912947,
                        -0.32521431833458614,
                        0.3660318162102867,
                        -0.2871814008097698,
                        0.254597172768933
                    ]
                },
                "4": {
                    "Parameters": [
                        0.241948289122607,
                        -0.281932762460318,
                        0.37278967346345676,
                        -0.3218833141569796,
                        0.9413896982417872,
                        -0.9168927473470276,
                        0.9985001796867949,
                        -0.8690522753848389,
                        -0.28437362155790175,
                        0.1798214654067018,
                        -0.23674892338322,
                        0.3480173176831809,
                        -0.6968202451849508,
                        -0.6908429398044078,
                        0.3520011405973208,
                        -0.2429448831304828,
                        0.18977111936326244,
                        -0.26783221830217424,
                        -0.8950432163594574,
                        0.9936694875618003,
                        -0.8896691087195819,
                        0.9125324143244827,
                        -0.3252214252890299,
                        0.3647803766060282,
                        -0.2872849806055854,
                        0.2545547079913749
                    ]
                },