{
    "Lattice": "VEPP4M_full1_3_quads_errors.txt",
    "Elements": "quads.txt",
    "Optimizer": "GaussNewton",
    "Gradient step": 0.0001,
    "Corrector step": 1e-05,
    "Weigths_or_lambdas": null,
    "Matrix form": "Coupled",
    "Execution time": "0:04:02.126119",
    "Results": {
        "Initial residual": 18.478865318177043,
        "Initial parameters": [
            0.23857,
            -0.27657,
            0.36024,
            -0.31948,
            0.93011966,
            -0.8932828,
            0.99208665,
            -0.8760174,
            -0.27743,
            0.1809,
            -0.24116,
            0.34942,
            -0.69308,
            -0.69308,
            0.34942,
            -0.24116,
            0.1809,
            -0.27743,
            -0.8760174,
            0.99208665,
            -0.8932828,
            0.93011966,
            -0.31948,
            0.36024,
            -0.27657,
            0.23857
        ],
        "Bad parameters": [
            0.24157,
            -0.27657,
            0.36024,
            -0.31948,
            0.94011966,
            -0.8832828,
            0.99208665,
            -0.8760174,
            -0.27743,
            0.1809,
            -0.24116,
            0.34942,
            -0.69308,
            -0.69308,
            0.34942,
            -0.24116,
            0.1809,
            -0.27743,
            -0.8760174,
            0.99208665,
            -0.8932828,
            0.93011966,
            -0.31948,
            0.36024,
            -0.27657,
            0.23857
        ],
        "Final residual": {
            "Iteration": {
                "1": {
                    "Residual": 0.0039646119660238675
                },
                "2": {
                    "Residual": 1.290355761265295e-09
                },
                "3": {
                    "Residual": 3.287756430524578e-15
                },
                "4": {
                    "Residual": 2.275772691216817e-16
                },
                "5": {
                    "Residual": 4.909713746687374e-17
                },
                "6": {
                    "Residual": 1.6388896220883395e-17
                }
            }
        },
        "Final parameters": {
            "Iteration": {
                "1": {
                    "Parameters": [
                        0.24148702080245724,
                        -0.2765611814288911,
                        0.3602252671133547,
                        -0.3194716652134947,
                        0.9400822756897925,
                        -0.8834980038206262,
                        0.992285650258851,
                        -0.8760631218018506,
                        -0.2774266032101881,
                        0.18089603232477808,
                        -0.24116204478100006,
                        0.34942051961882375,
                        -0.693077448724587,
                        -0.6930812152475667,
                        0.34942007368933575,
                        -0.24116347885803233,
                        0.18090187726351312,
                        -0.27742678796078507,
                        -0.8760373852452408,
                        0.9921155080561115,
                        -0.8932762594422973,
                        0.9301112312365987,
                        -0.3194728534977826,
                        0.3602346647657881,
                        -0.27661846910417637,
                        0.23866850972729803
                    ]
                },
                "2": {
                    "Parameters": [
                        0.24157002403852673,
                        -0.27657002099733435,
                        0.36023999547532787,
                        -0.3194799988724725,
                        0.9401196676426966,
                        -0.883282865352488,
                        0.9920867284159421,
                        -0.876017406029974,
                        -0.2774300012318858,
                        0.18089999773088206,
                        -0.24115999901363608,
                        0.349420001515809,
                        -0.6930800051373592,
                        -0.693079998030757,
                        0.3494199996304408,
                        -0.24115999900411217,
                        0.18090000141504084,
                        -0.2774300002270054,
                        -0.8760174025888885,
                        0.9920866451876112,
                        -0.8932827938806456,
                        0.9301196599396714,
                        -0.31947999932076004,
                        0.3602399967149583,
                        -0.2765700132357816,
                        0.23857004254479458
                    ]
                },
                "3": {
                    "Parameters": [
                        0.241569999995565,
                        -0.27656999999336646,
                        0.36024000000286854,
                        -0.3194800000018462,
                        0.9401196599945819,
                        -0.8832827999759088,
                        0.9920866499848751,
                        -0.8760173999975703,
                        -0.27743000000064855,
                        0.18089999999714385,
                        -0.24116000000042692,
                        0.3494200000004951,
                        -0.6930799999838613,
                        -0.6930800000097165,
                        0.34942000000113405,
                        -0.24116000000052965,
                        0.18089999999618486,
                        -0.27742999999751305,
                        -0.8760173999942797,
                        0.992086650003363,
                        -0.8932828000269591,
                        0.930119660020395,
                        -0.3194799999953469,
                        0.3602399999974801,
                        -0.27657000000661447,
                        0.23857000001895265
                    ]
                },
                "4": {
                    "Parameters": [
                        0.24156999999927892,
                        -0.2765700000019069,
                        0.36024000000047457,
                        -0.31947999999911364,
                        0.9401196600029076,
                        -0.8832827999992475,
                        0.9920866500039734,
                        -0.8760174000031926,
                        -0.2774300000017818,
                        0.18089999999781675,
                        -0.2411599999925955,
                        0.34942000000235596,
                        -0.6930800000149098,
                        -0.6930799999870103,
                        0.34941999999769685,
                        -0.24115999999913348,
                        0.18089999999539297,
                        -0.27742999999698265,
                        -0.8760174000075566,
                        0.9920866500072881,
                        -0.8932828000225776,
                        0.9301196600162456,
                        -0.31947999999819043,
                        0.360239999999251,
                        -0.2765699999970554,
                        0.2385699999995166
                    ]
                },