{
    "Lattice": "VEPP4M_full1_combined_magnets_errors.txt",
    "Elements": "quads.txt",
    "Optimizer": "GaussNewton",
    "Gradient step": 0.0001,
    "Corrector step": 1e-05,
    "Weigths_or_lambdas": null,
    "Matrix form": "Coupled",
    "Execution time": "0:04:04.071234",
    "Results": {
        "Initial residual": 440.86327500676987,
        "Initial parameters": [
            0.23857,
            -0.27657,
            0.36024,
            -0.31948,
            0.93011966,
            -0.8932828,
            0.99208665,
            -0.8760174,
            -0.27743,
            0.1809,
            -0.24116,
            0.34942,
            -0.69308,
            -0.69308,
            0.34942,
            -0.24116,
            0.1809,
            -0.27743,
            -0.8760174,
            0.99208665,
            -0.8932828,
            0.93011966,
            -0.31948,
            0.36024,
            -0.27657,
            0.23857
        ],
        "Bad parameters": [
            0.23857,
            -0.27657,
            0.36024,
            -0.31948,
            0.93011966,
            -0.8932828,
            0.99208665,
            -0.8760174,
            -0.27743,
            0.1809,
            -0.24116,
            0.34942,
            -0.69308,
            -0.69308,
            0.34942,
            -0.24116,
            0.1809,
            -0.27743,
            -0.8760174,
            0.99208665,
            -0.8932828,
            0.93011966,
            -0.31948,
            0.36024,
            -0.27657,
            0.23857
        ],
        "Final residual": {
            "Iteration": {
                "1": {
                    "Residual": 112.67459751728703
                },
                "2": {
                    "Residual": 96.85713069295765
                },
                "3": {
                    "Residual": 96.8361551940273
                },
                "4": {
                    "Residual": 96.83608653600602
                },
                "5": {
                    "Residual": 96.83608551549548
                },
                "6": {
                    "Residual": 96.8360855229386
                }
            }
        },
        "Final parameters": {
            "Iteration": {
                "1": {
                    "Parameters": [
                        0.24185726189953893,
                        -0.27914065821745104,
                        0.36567029996242156,
                        -0.3228719464612866,
                        0.9494009955401896,
                        -0.9600002724599499,
                        1.0738383326801595,
                        -0.8691034995297222,
                        -0.28291943354737414,
                        0.17821095927129518,
                        -0.23950161131312855,
                        0.34985028643688976,
                        -0.6938687543263016,
                        -0.6938688400311692,
                        0.34985029556718905,
                        -0.23950159522937417,
                        0.17821095041862042,
                        -0.28291943446922563,
                        -0.8691034746477282,
                        1.0738383393635857,
                        -0.960000301941736,
                        0.9494010115770362,
                        -0.32287194800116686,
                        0.36567030139655604,
                        -0.2791406407066986,
                        0.241857233432689
                    ]
                },
                "2": {
                    "Parameters": [
                        0.24154043473905462,
                        -0.2790243618790074,
                        0.36568186902081196,
                        -0.32237304763583025,
                        0.9495379553316792,
                        -0.9527650427088105,
                        1.0648648640190228,
                        -0.8684980471549886,
                        -0.2835554369678993,
                        0.17909005433592198,
                        -0.2394199382463489,
                        0.3497942915647814,
                        -0.6938509522621361,
                        -0.6938509495524453,
                        0.3497942902209785,
                        -0.239419938220298,
                        0.17909005244394496,
                        -0.28355543979794773,
                        -0.8684980296248958,
                        1.0648648665636387,
                        -0.9527650618057587,
                        0.9495379813303692,
                        -0.32237304839195297,
                        0.3656818676866166,
                        -0.2790243573090394,
                        0.2415404259252628
                    ]
                },
                "3": {
                    "Parameters": [
                        0.24148538503595,
                        -0.27897024192889974,
                        0.36574313043677104,
                        -0.32245014173104664,
                        0.9492364385397054,
                        -0.9528066533327356,
                        1.0650495433358027,
                        -0.8680239590767859,
                        -0.28355810508689777,
                        0.17905796249763484,
                        -0.23940339404564062,
                        0.3497963776918307,
                        -0.6938513999442297,
                        -0.6938514022226105,
                        0.3497963782720029,
                        -0.23940339414840595,
                        0.17905796213064817,
                        -0.28355810524796926,
                        -0.8680239528000386,
                        1.065049556556049,
                        -0.9528066574191479,
                        0.9492364296829688,
                        -0.3224501421163417,
                        0.36574313059190133,
                        -0.27897024502616574,
                        0.2414853922779226
                    ]
                },
                "4": {
                    "Parameters": [
                        0.24149050052371987,
                        -0.2789762637433737,
                        0.36573684577616217,
                        -0.3224433018187027,
                        0.949257719840311,
                        -0.9527779159826621,
                        1.0650315484277786,
                        -0.8680600125236476,
                        -0.2835579392520007,
                        0.1790596722462959,
                        -0.23940301328354205,
                        0.3497960123187905,
                        -0.6938517737823796,
                        -0.6938517642917121,
                        0.34979601170862945,
                        -0.2394030153646556,
                        0.17905967742316106,
                        -0.2835579375810522,
                        -0.8680600021147442,
                        1.065031467394945,
                        -0.9527778733585364,
                        0.9492576922806345,
                        -0.32244330582304315,
                        0.3657368554152449,
                        -0.2789762639493872,
                        0.2414904975817684
                    ]
                },