{
    "Lattice": "VEPP4M_full1_combined_magnets_errors.txt",
    "Elements": "quads.txt",
    "Optimizer": "GaussNewton",
    "Gradient step": 0.0001,
    "Corrector step": 0.0001,
    "Weigths_or_lambdas": null,
    "Matrix form": "Coupled",
    "Execution time": "0:03:59.237706",
    "Results": {
        "Initial residual": 20722.374434983063,
        "Initial parameters": [
            0.23857,
            -0.27657,
            0.36024,
            -0.31948,
            0.93011966,
            -0.8932828,
            0.99208665,
            -0.8760174,
            -0.27743,
            0.1809,
            -0.24116,
            0.34942,
            -0.69308,
            -0.69308,
            0.34942,
            -0.24116,
            0.1809,
            -0.27743,
            -0.8760174,
            0.99208665,
            -0.8932828,
            0.93011966,
            -0.31948,
            0.36024,
            -0.27657,
            0.23857
        ],
        "Bad parameters": [
            0.23857,
            -0.27657,
            0.36024,
            -0.31948,
            0.93011966,
            -0.8932828,
            0.99208665,
            -0.8760174,
            -0.27743,
            0.1809,
            -0.24116,
            0.34942,
            -0.69308,
            -0.69308,
            0.34942,
            -0.24116,
            0.1809,
            -0.27743,
            -0.8760174,
            0.99208665,
            -0.8932828,
            0.93011966,
            -0.31948,
            0.36024,
            -0.27657,
            0.23857
        ],
        "Final residual": {
            "Iteration": {
                "1": {
                    "Residual": 28737.923866657555
                },
                "2": {
                    "Residual": 222.1294640694054
                },
                "3": {
                    "Residual": 850.4603451520347
                },
                "4": {
                    "Residual": 18841.312903856786
                },
                "5": {
                    "Residual": 1190.7288805247888
                },
                "6": {
                    "Residual": 14537.746656641099
                }
            }
        },
        "Final parameters": {
            "Iteration": {
                "1": {
                    "Parameters": [
                        0.23856613915123698,
                        -0.27657026875854435,
                        0.36023973356721367,
                        -0.3194911179557847,
                        0.926955816683212,
                        -0.8932772239503005,
                        0.993544672191527,
                        -0.876020535037014,
                        -0.277425164835366,
                        0.18662086283355334,
                        -0.23800166951741103,
                        0.3499346901176819,
                        -0.6941349074651431,
                        -0.6930802662124044,
                        0.3491630356658064,
                        -0.24261917735378566,
                        0.18038491073522447,
                        -0.2774302662085894,
                        -0.8797818761689895,
                        1.0470789067994921,
                        -0.9528391078736099,
                        0.9318823263441147,
                        -0.3194708316207464,
                        0.3602431247586846,
                        -0.2743144142677298,
                        0.23856604547250385
                    ]
                },
                "2": {
                    "Parameters": [
                        0.23856447144205462,
                        -0.2801251709125527,
                        0.36340770529520994,
                        -0.3222976455895246,
                        0.9269550281179866,
                        -0.8948113122036345,
                        0.996132436875425,
                        -0.8797806745169632,
                        -0.27742605083408256,
                        0.1866200742646882,
                        -0.24058290968207938,
                        0.35232898957306635,
                        -0.7083178859570981,
                        -0.6790140459999271,
                        0.3467628994348539,
                        -0.2426210915433741,
                        0.18039210964129182,
                        -0.2767805249660478,
                        -0.8979626222020196,
                        1.0470732279868293,
                        -0.9490796564339661,
                        0.9508721773189218,
                        -0.31947598368671937,
                        0.35939338303331825,
                        -0.27431519152334827,
                        0.24290669708909327
                    ]
                },
                "3": {
                    "Parameters": [
                        0.238573107820079,
                        -0.2778964209696203,
                        0.363394461478231,
                        -0.32229822855531737,
                        0.9269637931123565,
                        -0.8948116086932323,
                        0.9961325145055729,
                        -0.8792848028695819,
                        -0.2774252941491556,
                        0.18579510771950747,
                        -0.2405827917562784,
                        0.3525727661402652,
                        -0.7089292075594827,
                        -0.6790196881543942,
                        0.34626720840292824,
                        -0.2415089105351073,
                        0.17927922256151077,
                        -0.27678313553494244,
                        -0.9040197576323198,
                        1.055771034595041,
                        -0.9520327516683613,
                        0.9498610022054577,
                        -0.3184699978274448,
                        0.3593958008091054,
                        -0.2787161252500465,
                        0.2466894933744698
                    ]
                },
                "4": {
                    "Parameters": [
                        0.23609245126346512,
                        -0.27819073794949534,
                        0.36290880404620623,
                        -0.3179407751094645,
                        0.9315348157655242,
                        -0.8948116087870506,
                        0.9934168001785774,
                        -0.8802578221249294,
                        -0.27741882850604294,
                        0.18746594857192989,
                        -0.24058497471845958,
                        0.35298632738366603,
                        -0.7096249004493234,
                        -0.6786463783005549,
                        0.3462640601397185,
                        -0.24220244832369442,
                        0.17927324249121884,
                        -0.2811370011369724,
                        -0.9015446978067232,
                        1.0507819789384278,
                        -0.9520323499526472,
                        0.9498636395582719,
                        -0.3157531145644362,
                        0.3614677152113659,
                        -0.2782265776531756,
                        0.24533585261008695
                    ]
                },