{
    "Lattice": "VEPP4M_full1_all_grads_errors.txt",
    "Elements": "quads.txt",
    "Optimizer": "GaussNewton",
    "Gradient step": 0.001,
    "Corrector step": 0.001,
    "Weigths_or_lambdas": null,
    "Matrix form": "Coupled",
    "Execution time": "0:04:08.542317",
    "Results": {
        "Initial residual": 24084.792924829184,
        "Initial parameters": [
            0.23857,
            -0.27657,
            0.36024,
            -0.31948,
            0.93011966,
            -0.8932828,
            0.99208665,
            -0.8760174,
            -0.27743,
            0.1809,
            -0.24116,
            0.34942,
            -0.69308,
            -0.69308,
            0.34942,
            -0.24116,
            0.1809,
            -0.27743,
            -0.8760174,
            0.99208665,
            -0.8932828,
            0.93011966,
            -0.31948,
            0.36024,
            -0.27657,
            0.23857
        ],
        "Bad parameters": [
            0.2409557,
            -0.2793357,
            0.3638424,
            -0.3226748,
            0.9394208566,
            -0.902215628,
            1.002007517,
            -0.884777574,
            -0.2802043,
            0.182709,
            -0.2435716,
            0.3529142,
            -0.7000108,
            -0.7000108,
            0.3529142,
            -0.2435716,
            0.182709,
            -0.2802043,
            -0.884777574,
            1.002007517,
            -0.902215628,
            0.9394208566,
            -0.3226748,
            0.3638424,
            -0.2793357,
            0.2409557
        ],
        "Final residual": {
            "Iteration": {
                "1": {
                    "Residual": 23438.22843925559
                },
                "2": {
                    "Residual": 23394.57585191201
                },
                "3": {
                    "Residual": 23412.73655865799
                },
                "4": {
                    "Residual": 7232.036119930728
                },
                "5": {
                    "Residual": 7212.563485959532
                },
                "6": {
                    "Residual": 25305.062595152922
                }
            }
        },
        "Final parameters": {
            "Iteration": {
                "1": {
                    "Parameters": [
                        0.23858944218647984,
                        -0.2765739589537439,
                        0.3609957821610058,
                        -0.3197670812559322,
                        0.930126363444186,
                        -0.8952421544954227,
                        0.9928503725088859,
                        -0.896580701226709,
                        -0.26531860319577105,
                        0.18191808223274347,
                        -0.24102083465564614,
                        0.3494613431532027,
                        -0.6928700923265686,
                        -0.6930740521783174,
                        0.3494268066560967,
                        -0.2412301632797525,
                        0.1820052997251279,
                        -0.2775109612218274,
                        -0.8760537558811028,
                        0.9920319432442707,
                        -0.8932731461414775,
                        0.926676845183029,
                        -0.3194802158192367,
                        0.36368662640000854,
                        -0.2768004426119612,
                        0.23843134638320687
                    ]
                },
                "2": {
                    "Parameters": [
                        0.23821738595772587,
                        -0.27658295814134515,
                        0.3621002699682098,
                        -0.32017019468929403,
                        0.9302704347901761,
                        -0.895897909479585,
                        0.9928877861965799,
                        -0.9021998775857664,
                        -0.2653312183556108,
                        0.1818977974868376,
                        -0.24101810501990004,
                        0.34949164868385996,
                        -0.6929022452031934,
                        -0.6930533718254243,
                        0.35046768576243303,
                        -0.24126813006434453,
                        0.18309873639584015,
                        -0.2775106916079371,
                        -0.8760740406269167,
                        0.9943488129621364,
                        -0.8961884926170098,
                        0.9323067332245817,
                        -0.3194817177874012,
                        0.36355085031091827,
                        -0.2767676255117362,
                        0.2382078645885225
                    ]
                },
                "3": {
                    "Parameters": [
                        0.23854519266301227,
                        -0.2766119305328247,
                        0.36296228836516276,
                        -0.3206268955304921,
                        0.9294789270949044,
                        -0.8960446905128504,
                        0.9984684420247624,
                        -0.9021976813681051,
                        -0.2650582972501042,
                        0.18189893555224723,
                        -0.24105770441422075,
                        0.3494938455674931,
                        -0.6928808992414608,
                        -0.693052230339471,
                        0.35046767752874647,
                        -0.24129465378455656,
                        0.19043260872849357,
                        -0.2777906100728249,
                        -0.8763937541647919,
                        0.9943481779450872,
                        -0.9024948904921348,
                        0.9270048421843442,
                        -0.319626342386031,
                        0.36387401546616716,
                        -0.27678937587525654,
                        0.2383550779447171
                    ]
                },
                "4": {
                    "Parameters": [
                        0.238871307520887,
                        -0.27681112450767187,
                        0.37034654258369865,
                        -0.320623213064084,
                        0.9283569138616693,
                        -0.8960454322053368,
                        0.9984695397236849,
                        -0.9020596493120709,
                        -0.26480998516015786,
                        0.18189976102440886,
                        -0.24109197937063978,
                        0.3494622394089453,
                        -0.692877530151036,
                        -0.6930519921314102,
                        0.35049888261993506,
                        -0.24129579422076777,
                        0.19043240960442914,
                        -0.27779067857844064,
                        -0.9686423563577424,
                        0.9957214586885939,
                        -0.8166238666850419,
                        0.9269989764128492,
                        -0.3210320501550742,
                        0.36640040292696624,
                        -0.2767883313018984,
                        0.238209805817357
                    ]
                },