{
    "Lattice": "VEPP4M_full1_combined_magnets_errors.txt",
    "Elements": "quads.txt",
    "Optimizer": "GaussNewton",
    "Gradient step": 0.001,
    "Corrector step": 1e-05,
    "Weigths_or_lambdas": null,
    "Matrix form": "Coupled",
    "Execution time": "0:04:01.259373",
    "Results": {
        "Initial residual": 440.86327500676987,
        "Initial parameters": [
            0.23857,
            -0.27657,
            0.36024,
            -0.31948,
            0.93011966,
            -0.8932828,
            0.99208665,
            -0.8760174,
            -0.27743,
            0.1809,
            -0.24116,
            0.34942,
            -0.69308,
            -0.69308,
            0.34942,
            -0.24116,
            0.1809,
            -0.27743,
            -0.8760174,
            0.99208665,
            -0.8932828,
            0.93011966,
            -0.31948,
            0.36024,
            -0.27657,
            0.23857
        ],
        "Bad parameters": [
            0.23857,
            -0.27657,
            0.36024,
            -0.31948,
            0.93011966,
            -0.8932828,
            0.99208665,
            -0.8760174,
            -0.27743,
            0.1809,
            -0.24116,
            0.34942,
            -0.69308,
            -0.69308,
            0.34942,
            -0.24116,
            0.1809,
            -0.27743,
            -0.8760174,
            0.99208665,
            -0.8932828,
            0.93011966,
            -0.31948,
            0.36024,
            -0.27657,
            0.23857
        ],
        "Final residual": {
            "Iteration": {
                "1": {
                    "Residual": 114.89561535050436
                },
                "2": {
                    "Residual": 96.85483139267839
                },
                "3": {
                    "Residual": 96.83618528560851
                },
                "4": {
                    "Residual": 96.83613636831753
                },
                "5": {
                    "Residual": 96.83613315916006
                },
                "6": {
                    "Residual": 96.83613343051374
                }
            }
        },
        "Final parameters": {
            "Iteration": {
                "1": {
                    "Parameters": [
                        0.24185503452847743,
                        -0.2791450020300031,
                        0.3656570944814862,
                        -0.3228810785749765,
                        0.9494238097339288,
                        -0.9600399487679521,
                        1.0738329022766395,
                        -0.8690929822148471,
                        -0.28293017214365146,
                        0.178220347906849,
                        -0.23949171114851978,
                        0.34984562624059473,
                        -0.6938829043675517,
                        -0.6938829014929323,
                        0.34984562551037296,
                        -0.23949171180645246,
                        0.17822034721147167,
                        -0.2829301723543085,
                        -0.8690929809950834,
                        1.073832894020104,
                        -0.9600399412465557,
                        0.9494238059758783,
                        -0.3228810799058828,
                        0.3656570961417297,
                        -0.2791449989548224,
                        0.24185502746214402
                    ]
                },
                "2": {
                    "Parameters": [
                        0.24154444293516342,
                        -0.27902509023483796,
                        0.36567085876032845,
                        -0.32236391283537147,
                        0.9495760148519191,
                        -0.9527788963877004,
                        1.0648355690154427,
                        -0.8684829624368345,
                        -0.28355086608210156,
                        0.1790933578526457,
                        -0.23942222749726616,
                        0.34979517000100097,
                        -0.6938501639768341,
                        -0.6938501638313107,
                        0.34979516995726967,
                        -0.23942222757821394,
                        0.1790933580367324,
                        -0.28355086655077305,
                        -0.8684829577436549,
                        1.0648355672163095,
                        -0.9527788981889032,
                        0.9495760188910645,
                        -0.3223639128922846,
                        0.36567085848234926,
                        -0.27902508954081523,
                        0.241544441478471
                    ]
                },
                "3": {
                    "Parameters": [
                        0.2414874658655534,
                        -0.27896885748689976,
                        0.3657351459741099,
                        -0.3224480656293589,
                        0.9492727980766862,
                        -0.952815613303549,
                        1.0650341854742509,
                        -0.86801087043395,
                        -0.28355759697825467,
                        0.1790631109660971,
                        -0.23940284965564926,
                        0.34979596899789855,
                        -0.6938514775564076,
                        -0.6938514767501162,
                        0.34979596885796965,
                        -0.2394028498307657,
                        0.17906311085448795,
                        -0.28355759662553465,
                        -0.8680108726635025,
                        1.0650341854548255,
                        -0.9528156114105875,
                        0.9492727958558328,
                        -0.3224480656370268,
                        0.36573514618228964,
                        -0.27896885774732527,
                        0.24148746628607748
                    ]
                },
                "4": {
                    "Parameters": [
                        0.24149269876238996,
                        -0.27897561255064174,
                        0.3657287849605554,
                        -0.32244032012120455,
                        0.9492929000696487,
                        -0.9527849916622431,
                        1.065013503954485,
                        -0.8680478919999091,
                        -0.28355702183985654,
                        0.17906489932147132,
                        -0.2394028910708397,
                        0.3497956470964027,
                        -0.6938517539943083,
                        -0.6938517542575969,
                        0.34979564725179013,
                        -0.23940289108864835,
                        0.17906490006394576,
                        -0.28355702162936175,
                        -0.8680478908835073,
                        1.0650134937455493,
                        -0.9527849869407183,
                        0.9492928962965339,
                        -0.3224403206676523,
                        0.3657287863758578,
                        -0.27897561315846126,
                        0.2414926996916635
                    ]
                },