{
    "Lattice": "VEPP4M_full1_combined_magnets_errors.txt",
    "Elements": "quads.txt",
    "Optimizer": "GaussNewton",
    "Gradient step": 0.001,
    "Corrector step": 1e-06,
    "Weigths_or_lambdas": null,
    "Matrix form": "Coupled",
    "Execution time": "0:04:01.472587",
    "Results": {
        "Initial residual": 440.8743879562777,
        "Initial parameters": [
            0.23857,
            -0.27657,
            0.36024,
            -0.31948,
            0.93011966,
            -0.8932828,
            0.99208665,
            -0.8760174,
            -0.27743,
            0.1809,
            -0.24116,
            0.34942,
            -0.69308,
            -0.69308,
            0.34942,
            -0.24116,
            0.1809,
            -0.27743,
            -0.8760174,
            0.99208665,
            -0.8932828,
            0.93011966,
            -0.31948,
            0.36024,
            -0.27657,
            0.23857
        ],
        "Bad parameters": [
            0.23857,
            -0.27657,
            0.36024,
            -0.31948,
            0.93011966,
            -0.8932828,
            0.99208665,
            -0.8760174,
            -0.27743,
            0.1809,
            -0.24116,
            0.34942,
            -0.69308,
            -0.69308,
            0.34942,
            -0.24116,
            0.1809,
            -0.27743,
            -0.8760174,
            0.99208665,
            -0.8932828,
            0.93011966,
            -0.31948,
            0.36024,
            -0.27657,
            0.23857
        ],
        "Final residual": {
            "Iteration": {
                "1": {
                    "Residual": 114.89772221692549
                },
                "2": {
                    "Residual": 96.85724662178248
                },
                "3": {
                    "Residual": 96.83860120995189
                },
                "4": {
                    "Residual": 96.8385522973091
                },
                "5": {
                    "Residual": 96.83854906504119
                },
                "6": {
                    "Residual": 96.83854931867263
                }
            }
        },
        "Final parameters": {
            "Iteration": {
                "1": {
                    "Parameters": [
                        0.24185706580851613,
                        -0.2791460678304243,
                        0.36565623854735363,
                        -0.3228805034963427,
                        0.9494226342328532,
                        -0.9600384364238935,
                        1.0738295499480266,
                        -0.8690924662087407,
                        -0.2829302133192214,
                        0.1782203698706925,
                        -0.23949169756517635,
                        0.3498454534344309,
                        -0.6938828413441843,
                        -0.6938828415002045,
                        0.34984545374804,
                        -0.23949169785508292,
                        0.17822037042438588,
                        -0.28293021309539124,
                        -0.8690924612060732,
                        1.0738295495610968,
                        -0.9600384382558408,
                        0.9494226329373118,
                        -0.3228805030959838,
                        0.3656562383288617,
                        -0.27914606980687,
                        0.24185706939582963
                    ]
                },
                "2": {
                    "Parameters": [
                        0.2415464868948945,
                        -0.2790261495941175,
                        0.3656710053700932,
                        -0.32236381622037125,
                        0.9495756566719915,
                        -0.9527777602104378,
                        1.0648323153707724,
                        -0.8684826052830773,
                        -0.28355081509876423,
                        0.17909290041068274,
                        -0.23942224545888785,
                        0.34979505770057834,
                        -0.6938501118023307,
                        -0.6938501104713733,
                        0.3497950576024967,
                        -0.23942224568113832,
                        0.17909290070230854,
                        -0.28355081502455853,
                        -0.8684826053325686,
                        1.0648323132664552,
                        -0.9527777589747363,
                        0.9495756550571436,
                        -0.32236381635220523,
                        0.3656710057690851,
                        -0.2790261500790646,
                        0.24154648785957603
                    ]
                },
                "3": {
                    "Parameters": [
                        0.24148948008602025,
                        -0.2789699050843475,
                        0.36573525370479293,
                        -0.32244795286137234,
                        0.949272711687124,
                        -0.9528146238463927,
                        1.0650309007486936,
                        -0.8680102933197416,
                        -0.2835575796368056,
                        0.1790626534167448,
                        -0.2394028589161144,
                        0.34979586150868835,
                        -0.6938514279016531,
                        -0.6938514279776496,
                        0.3497958616559786,
                        -0.23940285893935875,
                        0.17906265435430668,
                        -0.2835575797103946,
                        -0.8680102900779235,
                        1.065030889711176,
                        -0.9528146199154819,
                        0.9492727104758225,
                        -0.32244795334418674,
                        0.3657352547350193,
                        -0.27896990482572065,
                        0.2414894791718219
                    ]
                },
                "4": {
                    "Parameters": [
                        0.241494709262789,
                        -0.2789766576638985,
                        0.3657288936285889,
                        -0.3224402088514832,
                        0.9492928379962751,
                        -0.9527840096734823,
                        1.0650102036638336,
                        -0.8680472916019439,
                        -0.2835570070038468,
                        0.179064443416043,
                        -0.23940289977280385,
                        0.3497955397596725,
                        -0.6938517052389958,
                        -0.6938517047030514,
                        0.3497955397911909,
                        -0.23940289988372168,
                        0.17906444402605817,
                        -0.28355700683934065,
                        -0.8680472902534855,
                        1.0650101943497954,
                        -0.9527840061027097,
                        0.9492928355268818,
                        -0.3224402092995587,
                        0.365728894692773,
                        -0.27897665753091155,
                        0.2414947087120879
                    ]
                },